arabizi_sentence,english_translation
Badak beit hon bi heyda mahal,Do you want a house here in this area?
Ma ma3oh bernemjo.,He doesn't have his schedule with him.
3anda ktir ejtime3 mohem l'yom.,She has a very important meeting today.
Ma ma3e kiteb l'yom.,I don't have my book with me today.
Badon masari,They need change of money.
Badon telephono.,They want his number.
"Ma ande chi l'yom, nushkur allah.","I don't have anything today, thank God."
Bado ID jdideh; ID adimeh ma fia ismo sa7,He wants a new ID; his old ID didn't have his correct name.
3anda siara ktir ishiya,The car has a lot of things.
L'aghwe fia sukre.,The coffee has sugar.
"L'kitab ktir 7elo, bas fiho ktir war2ah.","The book is very nice, but it has a lot of papers."
Bade telephone jdid. Heydak telephone mish mni7.,I want a new phone. This phone is bad.
Ma ken bado sandwich.,He didn't want a sandwich.
Sa7eb l'beite 3ando beit 7elo.,My landlord has a beautiful house.
Zoumala2i ma badon mashrou3 jdid li2an ma 3andon wa2et.,Our colleagues don't want a new project because they don't have time.
"Jubran Khalil Jubran ken ketib mhem, 3ando kteer kteb.","Jubran Khalil Jubran was an important writer, he had a lot of books."
"Baddun daftar, war2ah, w alam ilon la saf l'yom.","They will need a notebook, paper, and pen for today's class."
Hayda ma7al aghwe ma 3indun aghwe taybe.,This coffee shop didn't have delicious coffee.
Ma 3andna shighil l'yom.,We didn't have any work today.
"Ma 3ande ktir rfi2e, bas 3ande 3ayle kbire.","I don't have a lot of friends, but I have a big family."
Fi 7ada 3ala l-beb.,There is someone at the door.
3anjad?!,Really?!
"Mar7aba monsieur, kif bse3dak?","Hello sir, how can I help you?"
Inta Naji?,Are you Naji?
Eh! Lesh? Shu fi?,Yes! Why? What's wrong?
Fi 7ada min mat3am Bawai al inno inta ma btedfa3 7sebak.,There is a person from Badawi restaurant said that you did not pay your bill.
"Shu? Akid la, monsieur!",What? Definitely not true sir!
Mm. Fi 7ada bil beit?,Hmm. Is there someone in the house?
Eh. Hon beit Mira w hiyye hon.,Yes. This is Mira's house. And she is here.
Meen Mira?,Who is Mira?
Ref2ite bil sheghel w sa7ebet l'beit.,My colleague and the landlord.
Wayna?,Where is she?
Ana hon! Fi shi?,I am here. Something wrong?
"Marhaba Mira, mat3am Badawi al inno monsieur Naji ma dafa3 7sebo.","Hello Mira, Badawi restaurant said that mister Naji didn't pay his bill."
bade war2a min l'mat3am.,Please I want the paper from the restaurant.
Tfadale.,Here you go!
Naji refi2e w huwwe hadda ktir mni7. Akide fi shi ghalat.,Naji is my friend and he is a very good person. I am sure there is something wrong!
"Madame, ana akid.",Madam I'm sure.
"ism Najib bil war2a, mish Naji.",Sir the paper says Najib! And his name is Naji not Najib!
3anjad! badde l'hawiyye.,Really? Please I want your ID?
Inte bil beit ghalat!,You are in the wrong house!
Heyda beit Mira w mish beite.,This is Mira's house and not my house! The restaurant doesn't have this house address!
"Hayda saf Sa3eb la 2elo, bado saf ashal.","This is a difficult class for him, he wants an easier class."
"Hayda saf Sa3eb la ela, 7aykun bada saf ashal.","This will be a difficult class for her, she will want an easier class."
"Hayda saf Sa3eb la elun, ken badun saf ashal.","This was a difficult class for them, they wanted an easier class."
Sara 3enda kebeyeh ktir kbireh.,Sara has a very big cup.
Inta 7aykun 3endak kebeyeh ktir kbireh,You will have a very big cup.
Huwe ken 3endo kebeyeh ktir kbireh,He had a very big cup.
Kamal bado beit jdid.,Kamal wants a new house.
Hene 7aykun badun beit jdid,They will want a new house.
Hiye ken bada beit jdid,She wanted a new house.
Noor 3enda masareh kteer bilbank.,Noor has a lot of money in the bank.
Huwe 7aykun 3endo masareh kteer bilbank.,He will have a lot of money in the bank.
Enta ken 3endak masareh kteer bilbank.,You had a lot of money in the bank.
"El-taleb bado daftar, alam, w kteb jdeed 3ashen el-madraseh bukra.","The student wants a notebook, pen, and a new book for school tomorrow."
"Ni7na 7aykun badna daftar, alam, w kteb jdid 3ashen el-madraseh bukra.","We will want a notebook, pen, and a new book for school tomorrow."
"Ente ken badek daftar, alam, w kteb jdid 3ashen el-madraseh bukra.","You wanted a notebook, pen, and a new book for school tomorrow."
Bade kebeyeh tenyeh lal ahweh 3ashen haydeh el-kebeyeh fiha chai.,I want another cup for the coffee because this cup has tea in it.
Ento badkon kebeyeh tenyeh lal ahweh 3ashen haydeh el-kebeyeh fiha chai.,You want another cup for the coffee because this cup has tea in it.
Hene badon kebeyeh tenyeh lal ahweh 3ashen haydeh el-kebeyeh fiha chai.,They want another cup for the coffee because this cup has tea in it.
3endek madraseh el-yom?,Do you have school today?
Huwe 7akun 3endak madraseh el-yom?,Will he have school today?
Hiye ken 3endek madreseh el-yom?,Did she have school today?
Ma3ak bakhsheesh lal garson?,Do you have tips for the waiter?
Ente 7aykun ma3ek baksheesh lal garson,Will you have tips for the waiter?
Hiye ken ma3a baksheesh lal garson,Did she have tips for the waiter?
Law sama7et bade el-fatourah iza bitreed.,"If you allow me, I want the bill."
Ni7na law sama7et 7akun badna el-fatourah iza bitreed.,"If you allow us, we will want the bill if you wish."
Hene law sama7et ken badon el-fatourah iza bitreed.,"If they allow, they wanted the bill if you wish."
Bado beit jdeed w shoghol jdeed.,He wants a new house and a new job.
Ne7na 7aykun badna beit jdeed w shoghol jdeed.,We will want a new house and a new job.
Heye ken bada beit jdeed w shoghol jdeed.,She wanted a new house and a new job.
"Heyde ahwet starbucks teybeh ktir, bas bade kamen akel.","This Starbucks coffee is really delicious, but I also want food."
Aklon 3azim bas ghale.,Their food is great but it's expensive.
"Beite ndif, bas beitak wesekh.","My house is clean, but your house is dirty."
Heydak saf ktir sa3eb.,That class was really difficult.
"siyarte sari3a w jdide. Ken 3ande siyara 2adime, bas kenit bati2a ktir.","My car is fast and it's new. I had an old car, but it was very slow."
Hayda alam ele. Hayda tawle elak.,That pen is mine. That table is yours.
"Heyde jibne taybe, bade bira w nbeed ma3a.",This cheese is delicious. I need beer and wine with it!
Ma3ak masare? Bade srafe.,Do you have money on you? I need change.
"Heyda shab 7elo sa7be, w kteer zakey, tayeb, w karim.","This handsome guy is my boyfriend, and he is very smart, kind hearted, and generous."
3ande daftar jdid.,I have a new notebook.
"3ande ktir fared, w kteer sa3eb w 3ande so2al elak.",I have a lot of homework and it's very difficult and I also have a question for you.
Ahlak kteer tayeb.,Your parents are very kind.
3ande kteer shichel w mudire kteer sa2eal.,I have a lot of work and my boss is very annoying.
"Heyda beit kbir, 7elo, jdid, w ghaly.","This house is big, beautiful, new, and expensive."
Heyda wine fiyo sikkar.,This wine contains a lot of sugar.
Heyde 3ayletna 7elwe.,This is our beautiful family.
"Heyda beit elkun, mish ele.","This house is yours, not mine."
"3andak kitebe? ken 3ande kitebak, bas ma ma3e halla2.","Do you have my book? I had your book, but I don't have it with me now."
Ken 3inna ijtime3 kteer sa3eb l'yom.,We had a very difficult meeting today.
Ma Ken 3inna forsah. Badna akel w ahwe.,We didn't have a break. We need food and coffee.
Haydek beit estez Youssef w madame Sabrina. Haydek beit elun.,That is the house of professor Youssef and madame Sabrina. That house is theirs.
Hayda kteb 7elo la Tamara. Hayda kteb 7elo ela.,This is a nice book for Tamara. This nice book is hers.
Hayde siyara la Lucas. Hayde siyara elo.,This is a car for Lucas. This car is his.
Hayde l-fetoura la Joelle w ele w Mama w John. Hayde l-fetoura elna.,This is the bill for Joelle and me and Mama and John. This bill is ours.
Heyde war2a la Jana.,This paper is for Jana.
Ana ze3lene menik,You make me sad
Ana ze3lene 3layke,I am sad for you (about something that happens to you)
hayde siyara la Carole,This car belongs to Carole
ana edem l-madrase,I am in front of the school
ana wara Carole,I am behind Carole
fi bared barra,It is cold outside
fi bared juwa,It is cold inside
"l-kteb fo2, 3a shelf","The book is up, on the shelf"
kteb ta7et tawle,The book is under the table
l-3asha 2abel se3a 8,Dinner is before 8 o'clock
l-ghada ba3ed se3a 2,Lunch is after 2 o'clock
Ana 3ayshe bi Beirut,I live in Beirut
7sebe bi l-bank fade,My account in the bank is empty
L-akel 3ala l-tawle,The food is on the table
"Fi 7ada 3a l-beb, asmak Ahmad","There is someone at the door, his name is Ahmad"
L-yom mish 7elho li2an 3am tshate,Today is not nice because it is rainy
Ma3joo2 bi shighil l'yom.,I'm busy with work today.
"Masari juwa shante, bas ma 3ande change.","The money is inside my bag, but I don't have any change!"
When jareede? Bade yeha halla2!,Where is the newspaper? I need it now!
Mu2abaltak ma3 monsieur George bukra w mish l'yom.,Your interview with mister George is tomorrow and not today.
Hayda chai fiyo sukre? Li2an ma bade sukre bi chai tab3ule.,Does this tea have sugar? Because I don't want sugar in my tea.
Haydak restaurant ktir tayeb w huwe 7ad beite.,That restaurant is very delicious and it's next to my house.
Siarte ta7et.,My car is downstairs.
"Baynak w bayne, bades shighil jdid.","Between you and I, I need a new job."
Fweke fiya ktir sukre?,Do fruits contain a lot of sugar?
Badon soura ma3na.,They want a picture with us.
"Kel sabaḥ, 3a tirwee2a bekul nos w wa7ed finjen ahwe.","Every morning, for breakfast I eat half and one cup of coffee."
Ba3den bru7 3a shighil.,Then I go to work.
Shirel fi free moz.,At work there are free bananas.
Ben tirwee2a w ghada bekul moz.,Between breakfast and lunch I eat bananas.
"Ghada bekul meal prep w beshrab finjen cappuccino ma3 vanilla sirup, mish sukre.","For lunch I eat meal prep and drink a cup of cappuccino with vanilla syrup, not sugar."
"Akhiran, Julia w ana mnetbukh 3asha.","Finally, Julia and I cook dinner."
7et chapeau 3a rasak.,Put a hat on your head (stop thinking).
"Kel subu7, tirwee2te fiya beid w avoca w la7me jibne, w kamen fenjenn 2ahwe.","Every morning, my breakfast has eggs, avocado, meat, cheese, and also a cup of coffee."
"3al ghada, fi 3aseer orang w mlookhiye w tabue w batata me2liye.","For lunch, there is orange juice, molokhia, tabbouleh, and fried potatoes."
3asheye fiyo teffe7a w djej ma3 7aleeb w khalas.,In the evening there is an apple and chicken with milk and that's it.
"3ashar, nhar Sunday, fiyo kibbe.","For dinner, on Sunday, there is kibbeh."
"3ande ghada ma3 ref2ate, fiyo burgers.","I have lunch with my friends, there are burgers."
Heye bit7eb tedhar kil yom ba3ed el-shighil.,She likes to go out every day after work.
Ana bade ektob kteb.,I want to write a book.
Huwe ma bya3ref ye2ra yektob.,He doesn't know how to read or write.
Heye bteshteghel bi sherke kteer kbire.,She works at a very big company.
Enta btes2al as2elah kteer b el-saf.,You ask a lot of questions in class.
Angie betalfen kil yom 3ashen btetlob akel min el-mat3am.,Angie calls every day because she orders food from the restaurant.
Jad ma byeshrab.,Jad doesn't drink alcohol.
Ana bnem kil yom ba3ed el-shighil.,I sleep every day after work.
Lamin el-shantah? Bade shoof iza fiha masareh.,Whose bag is this? I want to see if there is money in it.
Hene byeskeno b manta2a hilwe b Lebnen bas 3aja2a ktir.,They live in a nice area in Lebanon but there is a lot of traffic.
Ni7na mnekhod el-bus kil yom 3ala el-shighil.,We take the bus every day to work.
Ana bedros 3arabe bi el-madraseh kil yom.,I study Arabic at school every day.
Enta btdros 3arabe bi el-madraseh kil yom.,You study Arabic at school every day.
Ni7na mndros 3arabe bi el-madraseh kil yom.,We study Arabic at school every day.
Ni7na ma badna nekol bi el-mat3am.,We don't want to eat at the restaurant.
Huwe ma bado yekol bi el-mat3am.,He doesn't want to eat at the restaurant.
Hiyye ma bada yekle bi el-mat3am.,She doesn't want to eat at the restaurant.
Huwe bado yeshtri kteb jdeed min el-maktabe.,He wants to buy a new book from the bookstore.
Hene badun yeshtro kteb jdeed min el-maktabe.,They want to buy a new book from the bookstore.
Ente badik teshtre kteb jdeed min el-maktabe.,You want to buy a new book from the bookstore.
Yemken teje el-yom 3ala shighil.,Maybe you will come to work today.
Huwe yemken yeje el-yom 3ala shighil.,Maybe he will come to work today.
Ento yemken tejo el-yom 3ala shighil.,Maybe you all will come to work today.
Yemken ekol bara w mish bi el-beit.,Maybe I will eat outside and not at home.
Ento yemken teklo bara w mish bi el-beit.,Maybe you all will eat outside and not at home.
Hene yemken yeklo bara w mish bi el-beit.,Maybe they will eat outside and not at home.
Bade 7ader lal mo2abale bukra.,I want to prepare for the interview tomorrow.
Huwe bado y7ader lal mo2abale bukra.,He wants to prepare for the interview tomorrow.
Enta badak t7ader lal mo2abale bukra.,You want to prepare for the interview tomorrow.
"3inna ejtime3 ktir mohem lyom, lezim 7ader 7ale.","We have a very important meeting today, I need to prepare myself."
"Enta 3indak ejitme3 ktir mohem lyom, lezim t7ader 7alak.","You have a very important meeting today, you need to prepare yourself."
"Ento 3indkon ejitme3 ktir mohem lyom, lezim t7adero 7alakun.","You all have a very important meeting today, you need to prepare yourselves."
Bada totlob akel min el-mat3am lyom li2ano ma bada totbokh.,She wants to order food from the restaurant today because she doesn't want to cook.
Huwe bado yotlob akel min el-mat3am lyom li2ano ma bado yotbokh.,He wants to order food from the restaurant today because he doesn't want to cook.
Ente badik totlobe akel min el-mat3am lyom li2ano ma badik totbokhe.,You want to order food from the restaurant today because you don't want to cook.
Huwe ma bya3ref ye2ra w yektob 3arabe.,He doesn't know how to read and write Arabic.
Ento ma bta3refo te2ro w tektbo 3arabe.,You (plural) don't know how to read and write Arabic.
Hiyye ma bta3ref te2ra w tektob 3arabe.,She doesn't know how to read and write Arabic.
Huwe byru7 3ala el-madraseh kil yom bi l-bus w byerja3 ma3 as7abo bi l-siyara.,He goes to school every day by bus and comes back with his friends in the car.
Ni7na mnru7 3ala el-madraseh kil yom bi l-bus w mnerja3 ma3 as7abna bi l-siyara.,We go to school every day by bus and come back with our friends in the car.
Siyaret John ktir sari3a.,John's car is really quick.
Forset easter 2arbe.,Easter break is near.
Se3et 3arabe ktir 7elwe.,The Arabic language hour is really beautiful.
Maktabet Antoine ktir kbire.,Antoine's library is really big.
Madraset Rita sa2eale.,Rita's school is annoying.
Hayde souret l'mat3am 2adime bas 7elue.,This picture of the restaurant is old but beautiful.
Mu2abaltak bukra w mish l'yom.,"Your interview is tomorrow, not today."
Tawletkun ghalye.,Their table is expensive.
Kerseta ktir ndife.,Her chair is really clean.
Ma fi shi.,There's nothing.
Kif ni7na mna3mul Tabulé bi Libnén?,How do we make Tabbouleh in Lebanon?
2awal shi ménghassél l-ba2dunés ktir mni7.,"First, we wash the parsley really well."
Téné shi mnéfrum l-ba2dunés né3im.,"Second, we chop the parsley finely."
W kamen mnéfrum l-banadura l-jabaliyé né3im.,And we also chop the mountain tomatoes finely.
Ba3den mnéfrum chwayet na3na3.,Then we chop a little mint.
Telit shi mnén2a3 l burghul bi 3asir haméd.,"Third, we soak the bulgur in lemon juice."
Ekhir shi mnukhlut kil shi ktir mni7.,"Last thing, we mix everything really well."
"W 2aléf Sa7tein, yalla Badkun shi?","And a thousand bon appétit, come on, do you want anything?"
B7ot la7me bi l-foren.,I put meat in the oven.
7atta tseer biniyye.,So that it becomes brown.
"Kil yom, Rita btekul tirwee2a.","Every day, Rita eats breakfast."
"Hiyye btet3allam arabe bi madraseh, w bteshrab may bas tkun 3atshene.","She learns Arabic at school, and she drinks water when she's thirsty."
"Btefham dares, w bt7eb as7aba.","She understands the lessons, and she loves her friends."
Deyman btitzakar farda.,She always remembers her homework.
"Btiktub notes bi daftara, w bt2ul ""mar7aba"" kil 7ada.","She writes notes in her notebook, and she says hello to everyone."
Bteskun bi beit srir.,She lives in a small house.
Btekhud l'bus 3a madraseh.,She takes the bus to school.
Bteshteghel projects bi'l beit.,She works on projects at home.
Btnem bakeer.,She sleeps early.
Btetlub help bas badda.,She asks for help when she needs it.
Btes2al so2al bi saf.,She asks questions in class.
Bta3ref jaweb aktar aw2at.,She knows the answers most of the time.
Btshuf 3ayleta kil weekend.,She sees her family every weekend.
Btedrus la exam.,She studies for the exam.
Bti7ke ma3 rif2ata.,She talks with her classmates.
Bte2ra kteb maktabeh.,She reads a book in the library.
Bte3mel farda.,She does her homework.
Btirja3 3al beit ba3ed madraseh.,She goes back home after school.
"Hiyye mama Emma btetbukh 3asha, w hiyye bteje 3ala tawle.","Her mother Emma cooks dinner, and she comes to the table."
Btidhar ma3 rif2ata 3ala jnene.,She goes out with her friends to the park.
Btetalfen la teta.,She calls her grandmother.
Btjeweb 3a so2ala.,She answers her questions.
Btsefer ma3 3ayle bi l'sayf.,She travels with her family in the summer.
Ma btnsa w3ooda.,She never forgets her promises.
Estezita bt3allema ishya jdide.,Her teacher teaches them new things.
Forset easter 2areebe.,Easter break is near.
Se3et arabe 7elwe.,The Arabic hour is beautiful.
Heyde souret l'mat3am 2adime bas 7elwe.,This picture of the restaurant is old but beautiful.
Moo2abaltak bukra mish l'yom.,"Your interview is tomorrow, not today."
Tawletun ghalye.,Their table is expensive.
Kirsetik ktir ndeefe.,Your chair is really clean.
ana deyman beshrab 2ahwe subu7.,I always drink coffee in the morning.
hiyye ma btekul mrabba abadan.,She never eats jam.
2awal shi ana beshteghel ba3den ana bnem.,"First I work, then I sleep."
jawze byetrawa2 3adatan se3a 2.,My husband usually has breakfast at 2 o'clock.
inta btemshe shway shway.,You walk slowly.
beje 3al beit se3a 10 bil-zabet.,I come home at exactly 10 o'clock.
inte btekle kil l-akel ta2riban.,You eat almost all the food.
inta bta3ref 3arabe kamen.,You know Arabic too.
3al 10 bi leil bekhud adiwite akhiran.,At 10 at night I finally take my medicine.
bukra mensefer 3ala l-hinid.,Tomorrow we will travel to India.
hinne byitbkho sawa.,They cook together.
halla2 ana bedrus 3arabe.,Now I study Arabic.
yemken nedhar barra ba3ed saf.,Maybe we will go out after class.
ente btense kutubik a7yanan.,You sometimes forget your books.
huwe byishrab 3aseer beser3a.,He drinks juice fast.
hinne byijo 3ala l-beit 2ariban.,They will come home soon.
ana binsa kalimet 3arabe kteer.,I forget Arabic words a lot.
inte bterja3e 3ala sheghel deghre.,You come back to work straight away.
hinne byeshteghlo bi l-weekend lil-asaf.,"They work on the weekend, unfortunately."
lyom ana bet3allam 3arabe se3tein.,Today I learn Arabic for two hours.
ana bektub hon.,I write here.
huwe byiskun honik.,He lives there.
3adatan btetbukh kil yom bi l-beit bas lyom ma ra7 tetbukh.,She usually cooks every day at home but today she will not.
"Mu7amiye ma ra7 tru7 3a maktaba lyom, fa ana 7a talfenla ba3den.","My lawyer will not come to her office today, so I will give her a call later."
7a ykun 3inna 3asha l'layle bi l-mta3am jdid bi 7ayna.,We will have dinner tonight at a new restaurant in our neighborhood.
7a ykun 3inna tirwi2a ma3 ref2atna lyom.,We will have breakfast with our colleagues today.
Tamara 3anda mo2abaleh jdide lyom; hiyye bt7ammam 2abel ma tru7 men l'beit.,Tamara has a new interview today; she should shower before she leaves the house.
"7a usal lyom ba3den, w 7a edfa3 feturet telefone 3al akid.","I will arrive later today, and I will definitely pay my phone bill."
Ana mumasele w ana lezim 7dader 7ale ktir min7 2abel ma ru7.,I'm an actress and I must prepare myself very well before I go.
Ni7na 7a net3ab kteer lyom w ma 7a nru7 barra.,We will be very tired today and we won't go out.
Hinne ma byetlbo akel w ana ma betbukh.,They didn't order food and I didn't cook.
John w Karen 7a yru7o sawa w ni7na 7a neb2a bi l'beit w ne7dar film.,John and Karen will go out together and we will stay home and watch a movie.
Mar7aba! Kifkun ya shabeb?,Hello! How are you guys?
Ana esme Carole w ana Libneniye men Libnen.,"My name is Carole and I'm Lebanese, from Lebanon."
Ana beshteghel bi Natakallam kil yom.,I work at Natakallam every day.
Ana ba3mol saf 3a telephon w bi saf kamen.,I do classes on the phone and in a classroom too.
Ana b3allem 3arabe w ana b7eb sheghle!,I teach Arabic and I love my job!
b7eb sheghle li2an fiye eshteghel men lbeit aktar l-2aw2at.,I love my job because I can work from home most of the time.
Beskun bi Manhattan.,I live in Manhattan.
3ande sha2a sghire w 7elue 7ad l-jnayne.,"I have a nice, small apartment next to the park."
Be7ke w biktub arabe w inglise tab3an.,I speak and write Arabic and English of course.
B7eb etbukh w e7dar film w b7eb ru7 3a mat3am jdid bi New York City.,"I love to cook, I love watching movies, and I love going to new restaurants in New York City."
Fayrouz set 7ilwe w mohemme w kbire w karime w asire w bet7eb libnen.,"Fayrouz is a lady who is beautiful, important, great, generous, short, and she loves Lebanon."
"Lyom 3id miléd jawzé, w baddé 7ader mufeja2a elo.","Today is my husband's birthday, and I want to prepare a surprise for him."
"Ana 7a 2a3mul cake chocolat, le2ano aktar shi bi7bo.","I will make a chocolate cake, because it's what he likes the most."
"W halla2 badé ru7 jeeb hdiyé, bas ma ba3ref chu lezim jeeb?!","And now I want to go get a gift, but I don't know what I should bring?!"
"Ana 3am fakker ino ma 3ando cravat biniyyé, fa ra7 ru7 3al lma7al yalli huwe b7ibo ta ichtré wi7dé.","I'm thinking that he doesn't have a brown tie, so I will go to the shop that he likes to buy one."
Ana 3azamét rif2atna w kil nes yalli mn7ebun.,I invited our friends and all the people that we love.
Ana b7eb jawzé w badé farji 2adech ana b7ibo.,I love my husband and I want to show how much I love him.
Shu lezim 2a3mul ba3ed?,What else should I do?
Marhaba ya shabeb. Ana Julian w men Seattle.,Hello guys. I'm Julian and I'm from Seattle.
Bistighl bi Amazon.,I work at Amazon.
Ma b7eb istighl 3ashen ma fiye istighl men l-beit.,I don't like working because I can't work from home.
Bas b7eb ino fi ahwe free bi shighl.,But I like that there is free coffee at work.
"Sabet w a7ad, Julia w ana, mnruh 3ala jabal na3mul hiking.","On Saturday and Sunday, Julia and I, we go to the mountain to hike."
A7yanan ana bru7 a3mul bicyclette bi Lake Union.,Sometimes I go bike riding at Lake Union.
"Mat3ame l-mufaddal ismo Mounche Express, mish kteer mni7, bas ma 3inna ghayro.","My favorite restaurant is called Mounche Express, it's not very good, but we don't have another one."
Fadi kil yom byefta7 dikéné.,Fadi opens a shop every day.
"Haydé dekénit ahlo, byeshteghel fiya huwé w emmo w bayyo.","This is his parents' shop, he works there along with his mother and his father."
Fadi bibalech nharo se3a 7:30 te2riban.,Fadi starts his day at around 7:30.
"2awal shi, by7ott stands l-chips barra, w byefta7 l-barradet.","First thing, he puts the chips stands outside, and opens the fridges."
"Ba3den bi7adder sandou2, w biratteb l-bda3a shway.","Then he prepares the cash register, and organizes the items a little."
Byuntur 3ammo Abu Naji ta yjeeb l-khibiz.,He waits for his uncle Abu Naji to bring the bread.
"Bas lyom Abu Naji 2arrar yghallé se3er rabtet l-khibiz, w balash yitné2ash ma3 Fadi.","But today Abu Naji decided to raise the price of the bread bundle, and started to discuss it with Fadi."
"Ya 3ammo rabta ghalyé kteer, ma fina nghaliya aktar.","Uncle, the bundle is very expensive, we can't make it more expensive."
"T7in ghalé, w l-benzin ghalé w kil shi 3am yghla, ino ma bitwaffé ma3na.","Flour is expensive, and gasoline is expensive and everything is getting expensive, so it doesn't fit my budget anymore."
"La2 sma7lé fiya, l-benzin sarlo khames tihhur 3a nafes se3er, w t7in, dawlé sabatet se3ro men tlét tuchhur, kif hek ghilo ma3ak faj2a?!","No, excuse me, gasoline has been at the same price for five months, and flour, the government stabilized its price for three months, how did it suddenly get expensive for you?!"
Eh bas ana ma ghallet se3er rabta men khames tishhur.,Yes but I haven't raised the price of the bundle for five months.
"Iza ma ghallayta men khames tishhur, mish darure tghallya halla2.","If you haven't raised it for five months, it's not necessary to raise it now."
Mwazafeene bikalfune ghaley w bidoon mwazafeene ma fi khibiz.,Employees cost me a lot and without employees there is no bread.
"Okay, ru7 7ki ma3 l-baba. Le2an fina njeeb dealer ghayrak.","Okay, go talk to dad. Because we can bring another dealer instead of you."
Yalla ru7 men weje. Ma netla3 tneina khisraneen.,"Come on, get out of my face. May we both not end up as losers."
Ken fi marra walad zghīr esmo Rami.,Once upon a time there was a little boy named Rami.
Rami ken y7ebb kteer el-kutub.,Rami loved books very much.
"Ken 3ando kiteb wa7ad, bass ken yitmanna ykūn 3ando kitebēn aktar.","He had one book, but he wished he had more, two books."
"Yom min l-eyyem, Rami raa7 3a l-maktabe.","One day, Rami went to the library."
"Shef maktabe kbīre, fiya kteer kutub.","He saw a big library, with many books in it."
Shef wled ktīr 3am ye2ro.,He saw many boys reading.
Shef bintēn 3am yidawwru 3ala majallet.,He saw two girls searching for magazines.
Ya rayt 3andi majalla metlon.,I wish I had a magazine like theirs.
Rami shef raf malyen 2isas gharībe.,Rami saw a shelf full of strange stories.
"Shef 2issa 3an 7ūt kbīr, w 2issa 3an ṭayāra btīr bi l-sama.","He saw a story about a big whale, and a story about an airplane flying in the sky."
Shef 2lem mjama3een 3a ṭāwle.,He saw pens gathered on a table.
"Ya 3amm, 3andi su2āl.","Uncle, I have a question."
Tfaḍḍal ya 7abībi.,"Go ahead, my dear."
"Badde kitebēn gharībīn, w majallet fiya ṣuwar 7ilwe.","I want two strange books, and magazines with nice pictures in them."
Ma3ak lirat ktīr?,Do you have a lot of money?
Rami ṭalla3 bi jeibto.,Rami looked in his pocket.
"La2, bass 3ande lira we7de.","No, but I only have one lira."
"Ma3lesh, b3aṭīk kiteb ġharīb w majalle fiya ṣuwar 7ilwe, bass lezim t7āfez 3layon.","It's okay, I'll give you a strange book and a magazine with nice pictures, but you have to keep them safe."
Shukran ya 3amm! Ra7 7āfez 3layon ktīr ktīr!,"Thank you, uncle! I will keep them very, very safe!"
"Rami ra7 3a l-beit, w 2ara l-kiteb w shef ṣuwar bi l-majalle.","Rami went home, and read the book and saw pictures in the magazine."
"Ken mabsoot ktīr, le2ano ṣār 3ando kitebēn w majallet 7ilwe.","He was very happy, because he now had two books and nice magazines."
3eref enno l-2raye shi 7ilo ktīr.,He knew that reading is a very nice thing.
Byestighel bi l-mat7af bi centre Paris w fiyo as7ab shighlo mne7.,He works at a museum in central Paris and he has nice colleagues.
Yemken yi7ke ma3 ahlo w as7abo dayman w bado inno hinne yru7o w yzooru.,He calls his friends and family regularly and wants them to come and visit him.
"Bru7 3a l-shighel bi scooter, bass a7yanan bru7 bil bus.","He takes the scooter to work, but sometimes he takes the subway."
Ma b7eb yekul escargot bass bye7ke 3an nes yalli byeklu.,He still doesn't like eating escargot but he judges people that do.
Fi akel libnene tayyeb yalli metel bi l-beit.,There is good Lebanese food which makes him feel at home.
Yemken ra7 yzoor Disneyland Paris.,Maybe he will visit Disneyland Paris.
Du2 l7adeed w huwe 7ame,Strike while the iron is hot.
3asfoor bi l-2id wa la 3ashra 3a shajra,A bird in the hand is worth ten on the tree.
Yalli fet met,What's gone is gone.
7abel l-kezeb 2aseer,The rope of lies is short.
Bi l-7arake barake,"In movement, there is blessing."
Tub l-jarra 3a temma lbenet la emma,"Turn the jug upside down, the daughter will turn out to be her mother. (Like mother, like daughter)"
Khaf men 3aduwak marra w men sadi2ak alef marra,"Fear your enemy once, and your friend a thousand times."
L-2ered bi 3en emmo ghazel,The monkey in its mother's eye is a gazelle.
Iza l-kalem men fidda fa skoot men dahab,"If speech is silver, then silence is golden."
Tanjara w la2et ghatah,The pot found its lid. (Said when two people or things match perfectly.)
"Yalli beito men 2zez, ma yerme l-nes bi 7ajara",Those whose house is made of glass shouldn't throw rocks at people.
"2alo la l-baghel min abouk, 2allun l-7san khale","They asked the mule 'who is your father?' he replied, 'the horse is my uncle'"
Emshe shaher wa la te3bur naher,Walk a month and don't cross a river.
L-jar abel l-dar,The neighbor before the house.
Yalli sta7o mato,Those who were ashamed died.
A3te khebzak lal khibez w law akal nesso,"Give bread to its baker, even if he eats half of it."
"Yalli ma ya3ref, bi2ool 3adas","He who doesn't know, says lentils."
Sa7eb se7ib,A friend is a drawer. (they influence you)
Aktar men hek ma fi,There isn't more than this.
3a 2ad l7afak med 3a ijrek,Stretch your legs as far as your blanket.
Kel min 3a dino allah y3ino,May God help everyone with their own religion.
"Men barra allah allah, w men juwa ye3lam allah","From the outside 'God God' and from the inside, only God knows."
Metel l-atrash bi zaffe,Like a deaf person at a wedding.
"Yalli byezra3 shok, ma byejne 3inab",Whoever plants thorns does not collect grapes.
Iza ghille dehen sle2o beid,"If the butter is expensive, boil eggs."
Sit l-ghina w la ghina sit,The sound of wealth is better than the wealth itself.
Ba3ed ma sheb waddu 3a l-kitteb,"After he aged, they sent him to school."
L-kelme btetla3 men temm bte2lub damm,A word that leaves the mouth can turn into blood.
Yalli baddo l-7elo yesbur 3ala murro,Who wants sweet things should be patient with bitter things.
Bi l-hay 3inna fi zalemeh kbir seken la 7alo. Esmo Abdo.,In our neighborhood there is an old man who lives alone. His name is Abdo.
Abdo 3ayesh bi uda we7deh.,Abdo lives in one room.
Bi Hayde l-uda fi 7amem w matbakh.,In this room there is a toilet and a kitchen.
Mbayen 3le fa2ir ktir.,He appears to be very poor.
Shefto lamma ana kenit 3am ben2ul ghrade 3ala l-beneyeh li 7ado.,I saw him when I was moving my stuff to the building next to him.
"Min wa2et la téne ba3ti shwayet khudrah, fwekeh, w may.","From time to time I give him some vegetables, fruits, and water."
Ma 3inna dekeneh aribeh min el-beit.,We don't have a shop near the house.
Fi ma7al bas shway b3eed bado siyara ya3ne.,"There is a store but it's a bit far, you need a car."
Kaza marra sa2alto iza be7ib yeje ma3na 3ala el-ma7al ta yeshtre ghrado w ne7na minwaslo.,Several times I asked him if he would like to come with us to the store to buy his stuff and we would deliver it for him.
Bus wala marra eja!,But not even once did he come!
Bi shaher shbat bede2 el-beb w byotla3 Abdo w jeyeb ma3o gateaux sghir.,In February he knocked on the door and Abdo came out carrying a small cake.
2alle ino el-yom 3ido w 7abeb ye7tefel ma3na.,He told me that today is his birthday and he wanted to celebrate with us.
Ana ktir mbasatet!,I was very happy!
"A3adna kilna b udet el-a3de, 3melit shai w 7addaret 3asha khafif.","We all sat in the living room, I made tea and prepared a light dinner."
Sa2alto la Abdo iza 3indo 3ayle.,I asked Abdo if he had a family.
2alle inu marto metit mén kaza sene w 3indo waladen bas ma bya3ref 3anun shi.,He told me that his wife passed away several years ago and he has two children but he doesn't know anything about them.
Wledo taraku lamma metit emon w ma rej3o w ma bya3ref shi 3anun halla2.,"His kids left him when their mother died and never came back, and he doesn't know anything about them now."
Jarrab yfatesh 3layun bi l-hay bas ma 7ada shefun!,He tried to search for them in the neighborhood but nobody saw them!
Sa2alto iza bi7eb se3do fatesh 3layun yemkin 3ala internet.,"I asked him if he would like me to help him search for them, maybe on the internet."
Bi l-hay 3inna fi zalameh kbir 3am yimshe la 7alo. Esmo Heinz.,In our neighborhood there is an old man walking alone. His name is Heinz.
Jiddo Karl-Heinz mjawwaz 3a Heike.,His grandfather Karl-Heinz is married to Heike.
Kil yom Karl-Heinz byimshe te2riban bi kil da3ya.,Every day Karl-Heinz walks in almost every area.
Bi2ool 'Marhabba' w 'Kifak/kifik' la kil 7ada.,He says 'Hello' and 'How are you' to everyone.
A7yanan Karl-Heinz belemm zbele 3an l-2ared.,Sometimes Karl-Heinz collects garbage off the ground.
"3an jdeed, Karl-Heinz sar yemshe ma3 asaye.","Lately, Karl-Heinz started walking with a cane."
"Karl-Heinz ma byimshe ma3 marto, 3ashen hiyye bi l-knise.","Karl-Heinz doesn't walk with his wife, because she is at the church."
Karl-Heinz ktir fit.,Karl-Heinz is very fit.
"Ken ya maken, bi day3et Baskinta l-3ati2a, kenet l-dene gher hal dene.","Once upon a time, in the ancient village of Baskinta, the world was different from this world."
"L-byut min 7ajar, w s2ufa 2armid a7mar, metel ka2inna law7a marsume bi l-2id.","The houses were made of stone, and their roofs of red brick, like a painting drawn by hand."
"Ken kill beit fi shajarat teen, aw karmet 3enab, aw 7atta shajarat tiffe7, kenit ri7a btjannen bi l-kharif.","Every house had fig trees, or grapevines, or even apple trees, and the smell was maddening in autumn."
"L-nes kenu basitīn, w 2lubun safye metel mayyet l-nab3a.","The people were simple, and their hearts were as clear as the spring water."
"Keno yshufo shuru2 l-shams, w yru7o 3a l-7u2ul yizra3o 2ame7, w yehtammo bi l-basatin.","They would watch the sunrise, and go to the fields to plant wheat, and tend to the gardens."
"Kenet l-7ayet 7elwe, bas kamen sa3be, keno ykhafo men l bared masalan.","Life was beautiful, but also hard; they were afraid of the cold for example."
"Kenet baskinta 2isset 7ubb tawile, ben l-nes w l-2ard, ben l-madi w l-7adir.","Baskinta was a long love story, between the people and the land, between the past and the present."
"Ken ya maken, ken fi day3a 3a khaleej mi3wajj.","Once upon a time, there was a village at a crooked creek."
L-nes min day3a ken 3andun 7ayet baseeta.,The people in the village had a simple life.
Ken 3andun 7u2ul 2ame7 w basatin tiffe7 3a l-jabal.,They had wheat and apple fields on the mountain.
Ken fi 2aser serra2 3a l-mayle tene men l-jabal.,There was a thief castle on the other side of the mountain.
Ken esm day3a Krombach.,The name of the town was Krombach.
Ken fi benet zghire esma Layla.,There was a little girl named Layla.
"Men zamen, kenit Layla tru7 3a l-madrase bi l-siyyara ma3 bayya.","A long time ago, Layla used to go to school by car with her father."
"Bi yom men l-eyyem, 3a l-ghada 2alla bayya, lyom 7elo khallina nemshe, bedoon siyara.","One day, at lunch her father told her, today is nice let's walk, without a car."
Layla fer7et kteer bi hal fikra.,Layla was very happy with this idea.
"2abel ma yetla3o men l-beit, Layla lebset jacket bi lon azra2.","Before they went out of the house, Layla wore a blue colored jacket."
Meshyo bi sheri3 7atta weslo 3a l-7adee2a.,They walked in the street until they arrived at the garden.
"3end shajara l-kbire, 2a3ado Layla w bayya ta7ta.","At the big tree, Layla and her father sat under it."
Bayya jeb ma3o kiteb 3an l-7ayawenet.,Her father brought with him a book about animals.
2arala 2issa 7elwe 3an safine fada2iye.,He read her a nice story about a spaceship.
Layla kenit 3am tshuf sama ben l-ghuyoom.,Layla was looking at the sky between the clouds.
Shefit tayyara 3am teer fo2 rasun.,She saw an airplane flying above their heads.
"Ba3den, raa7 bayya ta yishtre ice cream men l-dikene l-2aribe.","Then, her father went to buy ice cream from the nearby store."
bade ma7al akbar ta 3eesh.,I need a bigger place to live.
Mbere7 re7et men Chicago 3a Seattle bi tayyara.,Yesterday I went from Chicago to Seattle by plane.
L-tayyara kenit 3am teer fo2 kteer diya3.,The plane was flying above many villages.
Kenit 3am shuf fo2 fada2 w njoom.,I was looking up at space and stars.
"Bi leil kenit 3am shuf ta7et, diya3 mittel njoom.","At night I was looking down, villages like stars."
"Samira madame 3inna bi l-7ay, fét7a salon 7le2a sitété.","Samira is a lady in our neighborhood, she opened a hairdressing salon for ladies."
Kil niswén yalli bi l-7ay bizabto cha3run 3anda.,All the women in the neighborhood fix their hair at her place.
Samira ktir shatra bi shighla w milsné w kil nes bi7ibbuha.,Samira is very skilled at her work and diplomatic and everyone loves her.
"Bas lyom Samira shway m3asbé, tkhana2et ma3 binta Marianne, w hiyyé fallét men lbeit w ma 7ada bya3ref la wen ra7et.","But today Samira is a bit angry, she fought with her daughter Marianne, who left the house and no one knows where she went."
Samira 7eket khayya bi darak w 2alitlo ya3mul bayen barké ykun 7ada khatafa la sama7allah.,"Samira spoke to her brother at the police and told him to make a report, maybe someone kidnapped her, God forbid."
"Samira kheyfé w mish 3arfé shu lezim ta3mul, w kl nes 7adda w l-jiran jehzin ya3mlo aya shi ta yse3duwa.","Samira is afraid and doesn't know what she should do, and everyone is next to her and the neighbors are ready to do anything to help her."
Ana mabsuta bi l-ghrad l-jdéd yalli jibtun la l-matbakh.,I am happy with the new stuff I brought for the kitchen.
"Ma ken 3andé jat kbir la salad, wala sa7en kbir lal batata l-mi2liyé.","I didn't have a big bowl for salad, nor a big plate for the fried potatoes."
"Wlédé ktir bi7ibbo lbatata lmi2iliyé, kamena bifaddlo rez ma3 laban.","My children love fried potatoes very much, they also prefer rice with yogurt."
Ana be2la2 li2an b7ebb ta3miyun khudra mn kil l-2achkel w l-2alwen.,I feel worried because I like to feed them vegetables of all shapes and colors.
Jawzé byiz3al minné iza ma fi sa7en Tabulé kl yom 3a l-ghada.,My husband feels sad with me if there isn't a plate of Tabbouleh every day at lunch.
Ana ktir b7éb Tabulé kamena bas b3asseb li2an ma 3andé wa2ét 2a3mila.,I love Tabbouleh very much too but I feel angry because I don't have time to make it.
2awlkun chu l-7al la hayda l-mawdu3 sa3eb.,In your opinion what is the solution to this difficult subject.
Ana ktir m7amass la 3erse.,I am very excited for my wedding.
Bas fi ishiya ktir ta 2ela2 3laya.,But there is a lot to be worried about.
Ana m3assab li2an l-fleurist ma talfanet ele.,I am angry that the florist hasn't called me.
Ana te3ben li2an kenit ktir 3amtet.,I am tired because I have been planning a lot.
Ana mabsoot li2an gateau ktir tayeb.,I am happy our cake is delicious.
"Lama ana kinit sghire, 7abet mumasselet cinema hindiye ktir.","When I was little, I loved an Indian movie actress very much."
Isma Madhuri Dixit.,Her name is Madhuri Dixit.
7abeta le2ano hiyye ra2isa 7ilwe ktir.,I loved her because she is a very beautiful dancer.
7deret kil l-movies tab3ula w tmanet kun metla.,I watched all her movies and wished to be like her.
7abet er2us kamena fa hiyye kenit l-inspiration kbire tab3ule.,I also loved to dance so she was my big inspiration.
Hiyye kenit mashhoora min zamen bi l-movies min l-bollywood.,She was famous a long time ago in Bollywood movies.
Style ra2es tab3ula ken khaleet men ra2es gharbe w hinde.,Her dancing style was a mix of western and Indian dancing.
Fakaret ino de7keta aktar shi 7ilo bi shakla.,I thought that her smile was the most beautiful thing about her appearance.
Aghaniya keno mashooreen ktir.,Her songs were very famous.
Hiyye ba3da 3ayshe.,She is still alive.
Sekne bi Mumbai.,She lives in Mumbai.
"Ma be7dar movies min l-bollywood ba2a, bas 3ande zekrayet ktir la Madhuri Dixit.","I don't watch Bollywood movies anymore, but I have many memories of Madhuri Dixit."
"Lama kenet sghir, kenet nem bi l-beit bi almaniya w u3a bi libnen!","When I was little, I would sleep in the house in Germany and wake up in Lebanon!"
Bas ma kenet 3aref inno ana bi libnen.,But I didn't know that I was in Lebanon.
Ana kenet 3aref inno ana bi beit jidde.,I knew that I was at my grandfather's house.
"Ana ma kenet 3aref ligha, bas kenet 3aref inno hayde lighat teta w jiddo.","I didn't know the language, but I knew that this was my grandmother and grandfather's language."
"Kenet teta ta3mool atyab batata me2liye, w ana kenet ekul batata me2liye ktir.","My grandmother used to make the most delicious fried potatoes, and I would eat a lot of fried potatoes."
"Kil yom ana kenet ru7 3ened cousin Elie, w kinna nru7 n2awes bi l-barrude.","Every day I would go to my cousin Elie's place, and we would go shoot with the gun."
Ba3den ana ken bade soo2 siyara adime.,Then I wanted to drive an old car.
"Ba3ed dohor, 3amtou Nazha kenet teje w nihrab aghwe.","In the afternoon, aunt Nazha would come and we would escape from her."
Refee2te Randala 3amle gateau lebnene bi 2ida bi beita.,My friend Randala makes handmade Lebanese cake at her house.
Ism l-gateau Lazy Cake.,The name of the cake is Lazy Cake.
Hiyye 3amelet khamseen 2ot3a la l-event tab3ule l-jim3a l-made.,She made fifty pieces for my event last week.
Hiyye kteer bet7eb ta3mul lazy cakes.,She really loves making lazy cakes.
Ratabet l-event sghir bi 2ide l-jim3a l-made.,I organized the small event by myself last week.
"Ken badde a23mul jaw, fa zabeyene fata7o a7adis 3an marad l-cancer.","I wanted to create an ambiance, so my clients opened conversations about cancer disease."
"Ana w aktar zabayene 7assayna bi ahamyet hayda l-mawdu3, w deyman mne7ke 3an hayda topic bi sfuf.","Me and most of my clients felt the importance of this subject, and we always talk about this topic in classes."
Fa ken 3ande fikra ta 7ader l-event min sitt shuhoor.,So I had an idea to prepare the event six months in advance.
"Men shahren 7kit ma3 zboonte Lisa, w 2ararna ta n7ader ma3 ba3ed.","Two months ago I talked with my client Lisa, and we decided to prepare it together."
L-event ken khass ktir.,The event was very special.
3inna aktar min tleteen zboone.,We had more than thirty clients.
7akime 3atet presentation 3an l-cancer.,A doctor gave a presentation about cancer.
Ken educational ktir.,It was very educational.
Kil nes t3allamo ktir.,Every person learned a lot.
Kamen 7adaret goodie bag la l-kil.,I also prepared a goodie bag for everyone.
Kil shi bi goodie bags ken min local female businesses bi Beirut.,Everything in the goodie bags was from local female businesses in Beirut.
W 3atayna part men l-masare la Cancer house.,And we gave part of the money to Cancer house.
Kil l-sittet keno mabsooteen ba3ed l-event.,All the ladies were happy after the event.
W ana kinit mabsoota kamen.,And I was happy as well.
Bi Seattle fi cancer research house ismo Fred Huth.,In Seattle there is a cancer research house called Fred Hutch.
"Kil sene, Fred Hutch ratab l-bike ride ta yejma3 tabaru3at.","Every year, Fred Hutch organizes the bike ride to gather donations."
L-bike ride fiyo miyye kilometres w bru7o 3a Lake Washington.,The bike ride is a hundred kilometers and they go to Lake Washington.
"Kil sene, Fred Hutch yejma3 3ashret alef dollar la cancer research.","Every year, Fred Hutch gathers ten thousand dollars for cancer research."
Fred Hutch 7addo l-I5 freeway w Lake Union.,Fred Hutch borders the I5 freeway and Lake Union.
Fi kteer marda cancer 3a Fred Hutch bi Seattle.,There are many cancer patients at Fred Hutch in Seattle.
Lama ana kenet sghire 7abet l-2rood kteer.,When I was little I loved monkeys a lot.
Ana ken bade a3mul ikhtisasiyet 2rood.,I wanted to become a monkey specialist.
Ana 3am itzakkar ino ken 3ande le3ab 2rood.,I remember that I had monkey toys.
7abaytun kteer.,I loved them a lot.
Lama kenet sefer ana kenet ekhudun ma3e.,When I traveled I used to take them with me.
Ana w khayye kena nel3ab bi le3ab l-2rood.,Me and my brother used to play with the monkey toys.
"3milna 3alam kemil men l-2rood, bi l-madrase w l-beit w l-mat3am w l-jyoob.","We made a whole world out of the monkeys, in the school and the house and the restaurant and the pockets."
"Men bayn kill l-2rood, 2erde l-mufaddal esmo ""EE"" le2ano ken 3ando kteb bi 2albo, fa ken ya3mul sot ""EE"".","Among all the monkeys, my favorite monkey was named ""EE"" because it had a book inside it, so it made the sound ""EE""."
"Bas bi yom men l-iyem, ana kenet msefra ma3 3aylte, fa l-police jabaro ahle ynabsho le3ab le2ano fakkaro ino sot ""EE"" huwe 2enble.","But one day, I was traveling with my family, so the police forced my parents to search the toys because they thought the sound ""EE"" was a bomb."
"W hek ""EE"" sar maftoo7 w ana bkeet kteer bi wa2ta.","And so ""EE"" got opened and I cried a lot at that time."
Bas huwe ba3do 3ayesh.,But it is still alive.
Seken bi beit emme.,It lives in my mom's house.
"Ma b7eb l-2rood kteer ba2a, bas 3ande zekrayet kteer la l-2rood w l-al3ab yalli kinna nel3aba.","I don't love monkeys much anymore, but I have many memories of monkeys and the games we used to play."
Ana 3azamet kil nes yalli b7ebun.,I invited all the people I love.
Min yalli 3am yghane?,Who is singing?
Ana 2reet bi l-kteb yalli 2elet 3anno.,I read the book that you told me about.
Fakaret ino beitik kbeer.,I thought your house was big.
Jawzik 2alle ino ente marida.,Your husband told me that you are sick.
Sara shefit ino l-2akel kteer 3layna.,Sara saw that the food was too much for us.
Ana b7eb yalli b7ebo l-7ayawenet.,I like the one who loves animals.
L-goodies yalli 3ataytina yehun kteer 7ilween.,The goodies that you gave us are very nice.
Ma tghadda mberi7 le2an huwe ken metghadde.,He didn't have lunch yesterday because he had already eaten lunch.
Ma tghadda mberi7 3ashen ken metghadde.,He didn't have lunch yesterday because he had already eaten lunch.
Ma tghadda mberi7 le2ano ken ekil.,He didn't have lunch yesterday because he had already eaten.
Ma tghadda mberi7 3asheno ekil.,He didn't have lunch yesterday because he had eaten.
Ma tghadda mberi7 le2an mish ju3an.,He didn't have lunch yesterday because he wasn't hungry.
Ma tghadda mberi7 3asheno ma ken ju3an.,He didn't have lunch yesterday because he wasn't hungry.
Ma tghadda mberi7 le2ano mareed.,He didn't have lunch yesterday because he is sick.
Ma tghadda ma3na mberi7 le2ano ken mashghul.,He didn't have lunch with us yesterday because he was busy.
Kinna bi aleb siyara lama sar l-7ades.,We were inside a car when the accident happened.
Fetna bi aleb l-museum.,We entered inside the museum.
"Ana tghaddet ma3 teta w jiddoh, lia2an be7ebun.","I had lunch with grandma and grandpa, because I love them."
Ana b7eb l-7ayawenet yalli b7ebo nes.,I love the animals that people love.
Ma bade rou7 3al shoghol li2an ana ktir ta3ben.,I don't want to go to work because I am very tired.
Rana 3am t2ade wa2et 3a laptop 3ashen 3anda shighil.,Rana is spending time on the laptop because she has work.
Lesh 3am yebke Rami? Li2an we2e3 3al 2ared.,Why is Rami crying? Because he fell on the ground.
Lesh huwe ze3len? Li2an sefar ebno.,Why is he sad? Because his son traveled.
Deyman el-m3alme bt2elna nes2al aktar 3ashen net3lam.,The teacher always tells us to ask more questions because we want to learn.
Lahza bade ektub ra2em Jana 3a daftar 3ashen ma ensa.,"Wait, I want to write Jana's number on the notebook so I don't forget."
"l-shay atyab men l-2ahwe, 3ashen dayman bishrabo subu7.","Tea is more delicious than coffee, that's why they always drink it in the morning."
Badna nro7 3ala mat3am Yabani li2an badna nekol sushi.,We want to go to a Japanese restaurant because we want to eat sushi.
"Ma fiye e7dar Netflix, abdan li2an ma 3ande wa2et.","I can't watch Netflix, ever, because I don't have time."
Lebnen ktir 7ilo! 3ashen l-ba7er b3eed d2i2a 3an l-jabal.,Lebanon is very beautiful! Because the beach is only one minute away from the mountain.
Shu lezim a3mol ta ysir jesme so77e?,What should I do in order to have a healthy body?
Law sama7et 3tine l-kerse ta e23ud.,Please give me the chair to sit on.
ra7 edros lyom ktir mni7 ta enja7.,I am learning very well today to succeed.
Ma fiye a3mol research hala2 li2an ma ma3e laptop.,I can't do research now because I don't have my laptop with me.
Ma badna neje 3al shighil lyom li2an fi talej barra.,We don't want to come to work today because there is snow outside.
Lesh lebsin fasatin? Ta nrou7 3a l-3eres.,Why are y'all wearing dresses? In order to go to a wedding.
3atine 3waynete 3ashen shuf mni7!,Give me the glasses because I want to see well!
Bade ekhud dawa 3ashen ktir marid.,I want medicine because I am sick.
Meen hayda? Hayda yalli rebe7 l-jeyze.,Who is this? This is the one who won the reward.
Lezim nshteghel kelna sawa ta nkhlas bi ser3a.,We all need to work together in order to finish quickly.
Sama ray7a 3al sou2 ta tjeeb ghrad.,Sama is going to the market to get groceries.
Min Messi? Yalli jeb goal?,Who is Messi? The one who scored a goal?
Bade nem bakeer ta Hu fi2 bakir.,I want to sleep early in order to wake up early.
Shefte Sara yalli 7amle jaride?,Did you see Sara who is carrying a newspaper?
"Bukra 3otle, bade fi2 bakir ta a3mol ryada.","Tomorrow is a holiday, I want to wake up early to work out."
Min yalli 3am yghanne bi l-7afle?,Who is the one singing at the party?
Wen festane yalli jebto mbere7?,Where is my dress that I bought yesterday?
3am erkod ta la7e2 l-bus.,I'm running to catch the bus.
"Ana 3am ru7 3a l-baher, ta la7et itsayyad samak.",I'm going to the sea in order to catch fish.
"Ba3den, betbukh samak ma3 toum w a3sheb.","Then, I cook fish with garlic and herbs."
Ana btayyer drone ta ekhud soura.,I fly a drone in order to take a picture.
Lamin hayde drone yalli 3am teer?,Whose is this drone that is flying?
Hayda sa7be yalli btayyer drone.,This is my friend who flies a drone.
Wlede l-tnen kteer mekhtelfeen.,My two kids are very different.
"L-subu7 lama keno 3am yetrawa2o, l-tnen ken 3andun mashe3er mekhtelfe.","In the morning when they were eating breakfast, the two of them had different feelings."
Ibne lkbeer esmo Lucas ken kteer jadde.,"My older son, his name is Lucas, was very serious."
Huwe ken 3am yfakker 3an l-examen.,He was thinking about the exam.
Huwe ken 3am yedrus men jim3ten.,He has been studying for two weeks.
"Huwe ma 3am ye7ke 3a tirwee2a, w kamen huwe ken kteer hayde.","He wasn't talking during breakfast, and also he was very quiet."
"Bi nafes l-wa2et, ibne l-sgheer esmo Dany ken kteer m7ammas.","On the other hand, my younger son, his name is Dany, was very excited."
Dany b7eb ykun mahdum.,Dany likes to be funny.
Huwe ken 3am yjarreb yda77ek Lucas.,He was trying to make Lucas laugh.
Bass Lucas kteer nza3aj.,But Lucas felt very annoyed.
Huwe 2al la Dany hayda mish wa2et la de77ek.,He told Dany this is not the time to laugh.
"Sa7 Dany b7eb yetse2al, khassatan ma3 khayyo Lucas.","It's true Dany likes to be annoying, especially with his brother Lucas."
"Dany b7eb ykun walad sgheer, huwe ma bado yekbar.","Dany likes to be a young kid, he doesn't want to grow up."
"Bi nafes l-wa2et, Lucas ma fiyo yentor ta yekbar.","On the other hand, Lucas can't wait to grow up."
Bass ana be2la2 ino hinne ykuno mabsooteen deyman.,But I worry that they should always be happy.
Ana ze3len li2an rif2et marte ma3a cancer.,I'm sad because my wife's friend has cancer.
Emme mabsoota li2an ra7 ru7 3a almania.,My mom is happy because she will go to Germany.
Ma3assab li2an bru7 3a shighle ba3ed saf arabe.,I'm angry because I go to work after Arabic class.
M7amass li2an ra7 ru7 3a almania bukra.,I'm excited because I will go to Germany tomorrow.
2el2an lama bade ishtighl min almania.,I'm worried when I want to work from Germany.
Te3ben ino ma 3am e7ke arabe.,I'm tired that I'm not speaking Arabic.
Spiros sa2eel w mahdum.,Spiros is annoying and funny.
Mudire ktir mez3ej.,My manager is very annoying.
Ana kheyef menno.,I am afraid of him.
Ana bkhaf menno.,I am afraid of him.
Spiros bida7ekne.,Spiros makes me laugh.
Hayde l-jim3a ni7na 3am n7ader re7le ma3 3ayletna.,This week we are preparing a trip with our family.
"Ray7een 3a 3oman, w ni7na mabsooteen.","We are going to Oman, and we are happy."
7a e7juz hotel sghir bi l-day3a terikhiye bi l-jabal.,I will reserve a small hotel in an ancient village in the mountain.
Hayda ma7al turasey ktir.,This is a very traditional place.
L-hotel 2arib min l-falaj w kamen l-souq l-2adim.,The hotel is near the falaj and also the old market.
"Ana 7a rateb khetet ri7le, fiya kamen aya ma7alet ni7na 7a nzoor.","I will organise the trip plans, including which places we will visit."
"Ni7na 7a neskun bi hayda l-hotel la yomen w b3aden, 7a nru7 la hotel tene.",We will stay in this hotel for two days and then we will go to another hotel.
"Y3ane, mish hotel, l-ma7al tene huwe beit 3anjad.","I mean, not a hotel, the second place is actually a house."
"Hayda l-beit bi l-jabal kamen, ino l-fare2, hayda b3eed ktir 3an l-madine.","This house is also in the mountain, the difference is that this one is very far from the city."
Ni7na 7a neskun honik la yomen kamen.,We will stay there for two more days as well.
"Sa7eb beit, 7a yta3mena tirwee2a w 3asha kil l-yom.",The landlord will feed us breakfast and dinner every day.
"Sa7eb l-beit, saken honik kil l-7ayeto fa huwe by3aref kil l-ma7alet ta nzoora, lama nru7 la honik.",The landlord has lived there all his life so he knows all the places to visit when we go there.
Ktir 7elo.,Very nice.
"7a n3amul hike sghir ma3 wledna w ba3ed l-hike, 7a nru7 ta7et la l-lake ta nesba7.","We will have a little picnic with our kids and after the picnic, we will go down to the lake to swim."
Min 3emel le3bet l-SIMS?,Who made the game SIMS?
Will Wright shab amerke sekin bi Georgia.,Will Wright is an American guy who lives in Georgia.
Huwe 2arrar ya3mul le3be 3an namel le2an ken y7eb 7ayetun kteer.,He decided to make a game about ants because he loved their life very much.
Fi marra sar fi 7aree2 7add bayto.,Once there was a fire next to his house.
Sar l-7aree2 y2arreb shway shway.,The fire started getting closer little by little.
Talfan 3a taware2 w talab l-muse3ade.,He called the emergency line and asked for help.
Bass l-muwazafe 2alet elo ino shorta msaytra 3a l-7aree2.,But the employee told him that the police were in control of the fire.
"Ba3ed shway sar l-wade3 kteer khateer, fa dab l-ghrad l-mohemme w fall huwe w marto.","After a while the situation became very dangerous, so he gathered the important stuff and left with his wife."
3a taree2 tzakkar ino nese tnen kbar bi l-3umur ma3 bebe sgheer 3umro sinten.,On the road he remembered that he forgot two elderly people with a small baby who is two years old.
Hole jirano.,Those are his neighbours.
Fa reje3 w akhadun ma3o.,So he came back and took them with him.
"Ba3ed fatra, reje3 Will 3a l-7ay ma3 ezen men l-police, le2an l-manta2a ken ba3da ta7et l-khatar.","After a while, Will came back to the neighbourhood with permission from the police, because the area was still under danger."
Will shef namel 3am yerja3 yebne bayto ma3 ino l-beit ken mdammar kulliyan.,Will saw ants coming back to build their house even though the house was totally destroyed.
Fa 2arrar Will ya3mul le3be 3an namel.,So Will decided to make a game about ants.
"Hiyye community kemle fiya kbar w sghar w pets, b3eesho sawa, bseer ma3un mashaykil w lezim la3eebe yjarbo yle2o 7all.","It is a complete community with adults, children and pets, they live together, problems happen with them and players need to try to find a solution."
"Hayde le3be saret bi souq sinet 2000, w nes kteer 7abuwa.","This game was released on the market in the year 2000, and many people loved it."
Bseer fi disneyland bi dubai ba3ed sinten.,There will be a Disneyland in Dubai in two years.
Bseer tighyeer bi l-plan ha jim3a.,There will be a change in the plan this week.
Anisha betseer ti7ke 3arabe a7san w a7san.,Anisha is becoming better and better at speaking Arabic.
"Lama ana kenet sgheer, ana ken bade seer pilot.","When I was little, I wanted to become a pilot."
"Bi shite, l-eyyem bseero 2asar w berdeen.","In winter, the days become short and cold."
"Lama rabee3 yeje, talej bseer may berde w l-wrood btseer meshr2a w jdide.","When spring comes, the snow becomes cold water and the flowers become bright and new."
"Shajrat btseer malyene wara2 akhdar, w 3asafeer bseero nashiteen marra tene.","The trees become full of green leaves, and the birds become active again."
"Nes bseero mabsooteen lama yshoofo shames, w wled bseero m7ammaseen ta yel3abo barra.","The people become happy when they see the sun, and children become excited to play outside."
"Lama Seif yeje, l-subbu7 sar defe w masa sar taweel.","As summer arrives, the mornings become warm and the evenings become long."
"2ariban, l-iyyem defe ra7 tseer zikrayet, w l-cycle ra7 tseer jdide 3an jdid sinet l-jaye.","Soon, the warm days will become memories, and the cycle will become new again next year."
"Ma Fiye, ana jeeb siyyara marra tene.","I can't, I bring the car again."
Daraset bachelors degree tab3ule bi jem3a bi Fransa.,I studied my bachelor's degree at a university in France.
3amelet bachelors degree bi life sciences bi Sophia's college.,I did a bachelor's degree in life sciences at Sophia's college.
Kenet awal marra ino ana beskun la 7ale b3eed 3an ahle.,It was the first time that I lived by myself far from my parents.
Kenet ktir m7ammase ta fell 3a Fransa w eskun bi madine jdide.,I was very excited to leave for France and live in a new city.
Ahle ken baddun ino dall bi hostel 7add l-jem3a.,My parents wanted me to stay in a hostel next to the university.
Ken 3omre sabata3eshar sine.,I was seventeen years old.
L-hostel ken fiyo ta2riban miyyet benet.,The hostel had almost a hundred girls.
Ken fiyo banet min mudon mikhtilfe min Fransa.,It had girls from different cities of France.
Bas shweyet banet ino keno international.,But only a few girls were international.
"Ba3ed ma ahle se3dune ta zabet ghrade bi l-uda, w bass fallo, tzakaret ino 7asset 7ale mwattara.","After my parents helped me to organise my stuff in the room, and once they left, I remember that I felt worried."
Ma kenet a3ref 7ada men yalli keno ma3e bi l-hostel.,I didn't know any person of those who were with me in the hostel.
Kil shi ken jdeed.,Everything was new.
Kif 7alik?,How are you?
"Lamma ken 3umre sitta3shar sine, ken 3and internship ma3 Lufthansa Technik.","When I was sixteen years old, I had an internship with Lufthansa Technik."
L-internship ken jim3ten ma3 fanni tayyarat.,The internship was two weeks with an aircraft technician.
Awal yomen ana w shabeb kenna nshtighil ma3 fanni tayyarat bas ba3den ne7na kenna nstighil wen ma ken bi airport Frankfurt.,"The first two days, the guys and I were working with an aircraft technician, but afterwards we were working wherever, at Frankfurt airport."
"Awal shi, ana kenit ishtighil ma3 fanni tayyarat, nsalle7 kirse l-pilot bi cockpit.","First, I was working with an aircraft technician, repairing the pilot's seat in the cockpit."
Ba3den ana kenit ishtighil ma3 sabe l-warshe.,Then I was working with the workshop boy.
Sabe l-warshe bjeeb l-adawet la shabeb yalli 3am ysalle7o tayyarat.,The workshop boy brings the tools for the guys who are repairing aircraft.
"Lamma sabe l-warshe w ana ma kenna 3am nshtighel, talfanna la sabe soup.","When the workshop boy and I weren't working, we called for soup."
"Bi gheir yom, kenet 3am eshtighel ma3 sabe yalli bysoo2 tayyara.","On another day, I was working with the boy who drives the plane."
"Ni7na kenna 3am nsoo2, w ana ma3o, l-Airbus A380 min l-gate 3a l-hangar.","We were driving, with me alongside him, the Airbus A380 from the gate to the hangar."
"Ba3den ana ken lezim ru7 3a cockpit, fa ana re7et 3a cockpit.","Then I had to go to the cockpit, so I went to the cockpit."
Ken fi ktir screens w buttons bi cockpit.,There were a lot of screens and buttons in the cockpit.
Ne7na w sabe repair akalna sticks chocolat Lindt la l-pilots.,The repair boy and I ate the Lindt chocolate sticks meant for the pilots.
Ne7na fakkarna ino hayda shi mahdum bass bi ri7le ma fi sticks chocolat la l-pilots.,"We thought it was something cute, but on the flight there were no chocolate sticks for the pilots."
Ba3den re7na 3a cafeteria Fraport.,Then we went to the Fraport cafeteria.
"Hedye ktir ktir amazing, l-akel ken ktir mni7 w min kill ma7al w ken ktir rkhees, metel heaven akel.","It was very, very amazing, the food was really good and from every place and it was very cheap, like heavenly food."
"Lamma sabe l-warshe 2al ana: ""Julian bade ru7 3a l-tayyara"", w ana wefa2et.","When the workshop boy said to me: ""Julian, I want to go to the plane,"" I agreed."
Ba3den ana kenet 3a l-tayyara w shefet l-GPS communication module.,Then I was on the plane and I saw the GPS communication module.
Heyde kenet ktir cool experience.,It was a very cool experience.
Kill nes honik.,Everyone was there.
"Tayyarna, w akhadna video.","We flew it, and we took a video."
Ken kteer 7ilo.,It was very nice.
Nseet shu 3melna kamen.,I forgot what else we did.
Shi baddak tghayyro bi 7ayetak?,Something you want to change in your life?
Bade ghayyer wen beskun.,I want to change where I live.
Le2an sakanet bi america min tmen sneen w halla bheb ru7 3a alemanyia.,Because I've lived in America for eight years and now I want to go to Germany.
Julia w ana ra7 nru7 3a almania ba3ed sine.,Julia and I are going to go to Germany after a year.
"B7eb et3allam a3mol ski, le2an Seattle ktir shitte bi shitte w ma fi kteer activities.","I'd like to learn how to ski, because Seattle is very rainy in winter and there aren't many activities."
B7eb 3allem Julia tsoo2 3ade.,I'd like to teach Julia to drive a manual car.
Fa shabeb hon ma fiyun ysoo2o 3ade.,The guys here can't drive a manual car.
Bi almania fi daftar swe2a special la nes yalli ma fiyun ysoo2o 3ade.,In Germany there's a special driver's license for people who can't drive a manual car.
Lamma ken 3umre tna3esh ma3 3amo nabeel.,"When I was twelve, with uncle Nabeel."
3amo Nabeel sa2alne iza ana b7eb it3allam swe2a.,Uncle Nabeel asked me if I'd like to learn driving.
W ana 2eletelo eh.,And I told him yes.
Fa re7na se2na bi volvo khadra.,So we went and drove a green Volvo.
"Lama kinna 3am nsoo2, 3amo nabil sarrakh ""douberiag"", bas ana ken kteer aseer ta emsuk douberiag.","While we were driving, uncle Nabeel yelled ""clutch,"" but I was too short to reach the clutch."
Fa fetna bi sakhra kbire.,So we crashed into a big rock.
"Bi seif alfen w tminta3esh, Emil w Lulu w ana kinna bi chalet 3a l-ba7er.","In the summer of 2018, Emil, Lulu, and I were at a chalet by the sea."
Ken badna ndakhen argile.,We wanted to smoke hookah.
Fa talfena la delivery l-argile w ba3ed se3ten ma eja.,So we called for hookah delivery and after two hours it didn't come.
Fa talfena la deliver l-argile marra tene w 2alna ino 3emel 7adis 3a taree2.,So we called the hookah delivery a second time and he told us he had an accident on the way.
W 2alna ra7 tekhdo arguile jdeede free w hiyye 3a taree2 halla2.,And he told us we'd get a new hookah for free and it was on its way now.
Ba3den ne7na akhadna l-arguile barra 3a balcon.,Then we took the hookah outside on the balcony.
"W Luli Tabouli 7aka ""mamnu3 akhadna l-arguile, fa sacro l-beb"".","And Luli Tabouli said ""we're not allowed to take the hookah, so lock the door."""
"Fa Emil ken 3am sacer l-beb, bas l-beb 3alla2.","So Emil was locking the door, but the door got stuck."
"Le2an 3amo Basem mamnu3 akhadna l-arguile aw nishrab alcohol, 2arrar ino Emil 3arbash 3a 3 balcon ta yefta7 l-beb.","Because uncle Basem didn't allow us to take the hookah or drink alcohol, he decided that Emil would climb up three balconies to open the door."
"Lamma ne7na kinna tna3esh, shtrayna Axe Bodyspray w bonjus.","When we were twelve, we bought Axe Bodyspray and fireworks."
Ba3den re7na 3a haydak l-beit w na3mul 7aree2 ma3 gasoline w khashab zeitun.,Then we went to that house to make a fire with gasoline and olive wood.
Ba3den 3a sate7 7attayna axe bodyspray bi 7aree2 w natarna tleteen la7za w ba3den awasna bi barrude.,Then on the rooftop we put Axe bodyspray in the fire and waited thirty seconds and then shot at it with a gun.
Fa sar fi boule nar kbeere.,So there was a big ball of fire.
"Teta w Jiddo kenno 2a3deen 3a kirse 3a sibata, 3am yel3abo wara2.","Grandma and grandpa were sitting on chairs on the porch, playing cards."
W ma fara2et ma3un.,And they didn't care.
Bas cousin Elie eja w 3ayyat 3layna le2ano wa3ayna ibno.,But cousin Elie came and yelled at us because we woke up his son.
Bi ha sheri3 fi sikken.,On this street there are people living.
W fi 7arake tabi3iye.,And there is normal movement.
"W hon, bi aleb beito.","And here, inside his home."
W l-ma3lumet l-2awaliye bitsheer la sari2a.,And the preliminary information indicates a theft.
Ken deyman yusal 3a ma7alo la tislee7 l-2a7ziye se3a tes3a subu7.,He always used to arrive at his shoe repair shop at nine in the morning.
W lamma t2akhar 3an maw3ado l-mi3ted staf2adu l-muwazafeen ma3o.,"And when he was late beyond his usual time, the employees with him checked on him."
Ma radd 3a l-itisalet.,He didn't answer the calls.
Theme w khamsa w 3shreen d2i2a ekhir marra fata7 tetbee2 whatsApp.,Eight twenty-five was the last time he opened the WhatsApp application.
W hon weslo jiran l-shighil la hayda l-maken.,And here the work neighbors arrived at this place.
"Hayda l-madkhal la l-mabna, huwe la 7alo sekin fi.","This is the entrance to the building, he lives in it alone."
"Shefo ino l-3waynet, huwe bi7utt 3waynet, la2o ino 2elib la barra l-beit.",They saw the glasses—he wears glasses—they found them flipped over outside the house.
Feto shefo l-mifte7 men maylet barra.,Once they entered they saw the key from the outside.
Shu me3neta?,What is the meaning of it?
"Ma3neta Vatshe ken dahar, 3am ysakker l-beb, weslo 3le.","It means Vatche was going out, locking the door, and they came at him."
Nezlo 3le men fo2.,They came down on him from above.
Le2an l-beb l-7adeed ken m2affal.,Because the iron door was locked.
"Ni7na bi nhar, bi nuss jim3a, fi shighil, ma 7ada 7ass?","We're in the daytime, in the middle of the week, there's work—did nobody feel anything?"
Ma 7ada seme3?,Did nobody hear?
L-philippiniyet yalli bi l-mabna hon sem3o 7arta2a 3a se3a khamse illa rebe3.,The Filipinas in the building here heard a noise at quarter to five.
Ana metel ma B7allel.,As I analyze it.
Hole nataru ta yenzal 3a shighilo.,Those people waited for him to go down to his work.
Hinne bya3rfu w huwe bya3rifun.,They know him and he knows them.
Wen ma menru7.,Wherever we go.
Wen ma mneje.,Wherever we come.
L-2as3ar nar.,The prices are on fire.
La tebrum w la te7tar.,Don't go around in circles and don't be confused.
Arkhas l-2as3ar.,Cheaper prices.
Stanzro menna.,Expect something from us.
A7la 3rudat.,Best offers.
"Rfee2e ra7 3a Grenada bi Ispania, w ba3ed yomen huwwe ktashaf ino Grenada isma jeye men remayn.","My friend went to Granada in Spain, and after two days he found out that Granada's name comes from pomegranate."
"Lama lucas ken sgheer, huwe ken 3ando le3be zarafe esma Sophie.","When Lucas was little, he had a giraffe toy named Sophie."
Hiyye kenit kteer ne3me.,It was very soft.
Lucas ken y7eb y3adda.,Lucas used to like to bite it.
Sophie ken 3anda ri7a 7elwe.,Sophie had a beautiful smell.
"Lama Lucas ken sgheer, sophie kenit aktar le3be mashoora la l-bebe.","When Lucas was little, Sophie was the most popular toy for the baby."
7atta lyom ni7na 3inna sophie bi l-beit.,Until today we still have Sophie at home.
"Lama Dany ken sgheer, huwe ken y7eb kil shi ma3 dweleeb.","When Dany was little, he used to like everything with wheels."
"Huwe ken y7eb kteer siyyarat, bas 7atta lyom huwe b7eb aktar tiyyarat.","He used to like cars a lot, but until today he likes airplanes more."
Kil marra mnsefer huwe byijma3 tiyyarat.,Every time we travel he collects airplanes.
Huwe bye7ke 3an ino bado ya3mul tiyyarat bass yekbar.,He talks about how he wants to make airplanes once he grows up.
Ana bfakker huwe ra7 ykun 3azeem bi hayde shaghle le2ano huwe b7eb l-riyadiyet.,I think he will be great at this work because he likes math.
"Bi nafes l-wa2et, Lucas b7eb l-science bass huwe bfakker ya3mul siyese aw 72oo2.","At the same time, Lucas likes science but he is thinking of doing politics or law."
Ana bfakker huwe ra7 ykun 3azeem bi hayda l-majel le2ano huwe b7eb yjedil.,I think he will be great in this field because he likes to argue.
Shu ma hinne bina22o ana bade ino hinne ykuno tnaynun mabsooteen.,"No matter what they choose, I want both of them to be happy."
Halla2 hinne 3am yishteghlo ta ykhallso sine madrasiye.,Now they are working in order to finish the school year.
"Lucas 3ando fa7esen kbar, wa7ad khatte w wa7ad shafahe.","Lucas has two big exams, one written and one oral."
Dany akbar men lucas.,Dany is bigger than Lucas.
Dany akbar wa7ad bi saf.,Dany is the biggest one in the class.
Ana b7eb tesweer.,I like photography.
Khassatan tesweer njoom aw tsweer l-manazer tabi3iye.,Especially photographing stars or landscape photography.
B7eb sefer w etalla3 3a suwar w sefer fiya.,I like to travel and look at pictures and travel through them.
Lyom w jim3a jeye a7san wa2et ta nshoof w nsawer njoom.,Today and next Friday is the best time to see and photograph stars.
"Lyom, ba3ed shighel ra7 nru7 3a Rainer jabal w nkhayem w 3a se3a we7de ni7na ra7 netalla3 3a njoom w nekhud suwar.","Today, after work we will go to Rainer mountain and camp, and at one o'clock we will look at the stars and take pictures."
Julia w ana 3inna drone.,Julia and I have a drone.
Ni7na mn7eb ntayyer drone.,We like to fly the drone.
Bytayyer drone ino metel l-3asfoor.,The drone flies like a bird.
win rahwa? lifataatik almilyanat hubin waghayra,Where did they go? Your glances full of love and jealousy
shu all ghayruk walli kabrik ya saghiri,"What changed you and raised you, my little one?"
shu alli eallmuk ealbued wal'ahzan,What taught you about distance and sorrows?
ma artahuu euyuni 'ana min yawm sirt baeida,My eyes haven't rested since the day I became far
wala ead ghayruk 'iid tamasak aydi,And no hand other than yours holds my hand anymore
wala ead yadhkur hubana alnisyan,And forgetfulness no longer remembers our love
law fiy rajae bi'iidi aleumr linu mara,If only I could bring back time once more
watarjie 'iilaya biallayl hak alghamra,And you'd return to me at night that embrace
"sukar ealayk alwaqtu, ghil wanam","Time closed in on you, get lost and sleep"
law fiy radu alhaki waqt allly kunt taquli,If only I could bring back the words when you used to tell me
bihabik 'ana waeuyunuk yaghnuli,I love you and your eyes sing to me
'ahlaa qasidat warajae al'ayaam,The most beautiful poem and the days returned
"Bi ayyar, re7et 3a almanya le2an rif2ate ken 3andon bachelor party.","In May, I went to Germany because my friends had a bachelor party."
Ken 3ande tayara 3a almanya min america 3a nhar l-jim3a.,I had a flight to Germany from America on Friday.
W ken 3ashena 3end beit Timm w Carina.,And we had dinner at Timm and Carina's house.
Timm w Carina shtaro l-beit jdeed.,Timm and Carina bought the house recently.
W re7na shefna beitun.,And we went and saw their house.
Ba3den rif2at tenyeen ejo la 3andun.,Then other friends came to their place.
fi ken tawle bi l-jneyne w kenna 3am neshwe.,There was a table in the garden and we were grilling.
Kenna khamsta3eshar shakhes.,We were fifteen people.
Kennet 7eb e7ke ma3un le2an ma fiye e7ke ma3un bass kun bi america.,I wanted to talk to them because I can't talk to them when I'm in America.
Mama tab3ule 3emlet Frankfurt Green Sauce w halyun abyad.,My mom made Frankfurt Green Sauce and white asparagus.
Ra7 2e23ud 3a tawle w e7ke ma3 Felix aw sa7ebto.,I will sit at the table and talk with Felix or his girlfriend.
"Helene w Felix ra7o la 3andun min sitte shehur, fa ma ba3refun.","Helene and Felix went to their place six months ago, so I don't know them."
Ba3den kennet 3am e7ke ma3 Meike.,Then I was talking with Meike.
Hiyye kenet 3am teshteghl 3a Düsseldorf aw Munich aw Hamburg.,She was working in Düsseldorf or Munich or Hamburg.
Meike fiya ktir tshteghl fa ma 3anda wa2et te7ke 3a telephone.,Meike works a lot so she doesn't have time to talk on the phone.
"Ba3ed layle taweele 7keena fiya ktir, re7et 3a l-beit.","After a long night where we talked a lot, I went home."
Fa 2arrar yghayyer ikhtisaso,So he decided to change his major
Ra7 yelte7e2 bi l-ka3eeda bi l-3irak,He will join the base in Iraq
3ade w betseer,It's normal and could happen
Mish 3ade w ma btseer,Not normal and couldn't happen
Ma ba3ref kif w lesh taraku,I don't know how and why they left him
Bass taraku,Once they left him
2al l-julene,Julene told
Bta3rfo shu?,Do you know what?
7assess ino potential akbar bi kteer men ino kun bi l-ka3eeda,I feel that my potential is much bigger than being in the base
Shtaghal ta7et eed abu baker l-baghdadi,He worked under the hand of Abu Bakr al-Baghdadi
3am fakker ifta7 fare3 la da3esh bi suria,I'm thinking of opening a branch of ISIS in Syria
Shu ra2yak inta testelmo,What's your opinion about you being the boss of it?
Bas ba3es sinten men l-3amal ma3 da3esh,But after two years working with ISIS
7ass ino,He felt that
Reje3 3a l-ka3eeda,He returned to the base
W sar ka2ed la jabhat nusra,And he became a leader of the Nusra Front
2a3ad tlet sneen mabsut,He stayed three years happy
Ma 3ad bade eshteghel 3and 7ada,I no longer want to work at someone's place
Bade efta7,I want to open
Fa ballash bi jabhat ta7reer sham bi suriya,So he started with the Sham Liberation Front in Syria
"Ba3ed l-chedde, fi faraj","After hardship, there is relief"
Kill sene bi tamooz fi rukoob bicyclette min Seattle 3a Portland.,Every year in July there is a bicycle riding event from Seattle to Portland.
L-rukoob biballesh bi jem3at Washington 3a se3a sitte.,The ride starts at the University of Washington at six o'clock.
L-rukoob yomen w kill yom fi miyye w tmene w sab3een kilometre.,The ride is two days and each day is one hundred seventy-eight kilometers.
Awal yom min Seattle 3a Centralia w ktir 7elo.,The first day is from Seattle to Centralia and it's very nice.
Fiyo ktir shajar w fayy w kil nes byerkabo l-bicyclette 7add bu7ayret Washington.,There are a lot of trees and shade and everyone rides the bicycle next to Lake Washington.
Heyde sene kenet awal sene berkab min Seattle 3a Portland.,This year was the first year I rode from Seattle to Portland.
Yawme l-awal rkebet ktir mni7.,The first day I rode really well.
Ana kenet fresh w nasheet w rkebet bi sir3a w 2atta3et dawbalet kill nes.,I was fresh and energized and I rode quickly and passed everyone.
"Shway shway, ma3 nhar, sar shob yzeed aktar w aktar.","Little by little, as the day went on, the heat kept increasing more and more."
"Awal miyyet kilometre kenet mni7, bas ekhir tmeneen kilometre keno sa3been.","The first hundred kilometers were good, but the last eighty kilometers were hard."
Ana kenet te3ben.,I was tired.
Ma ken bade ekul ba3den.,I didn't want to eat afterwards.
Tneynun metel ba3ed,They are both the same
Fara2et metel mikhtelfe,They differed like they are different
Ana bi7kik lama bkun bi Sumal,I will talk to you when I am in Somalia
3ande su2al tene,I have another question
Ana ra7 kun bi sin bi teshreen,I will be in China in October
Ana kenet bi sin bi shbat,I was in China in February
Shu aktar shi bit7ibbo bi l-major tab3ulak aw bi jeme3tak?,What do you like most about your major or your university?
Ana b7eb l-traditons tab3ula.,I like its traditions.
"Kil masa jem3a, 2abel football amercene, ni7na mnroo7 3a l-mal3ab la nuss leil ta na3mul prova te7mees.","Every Friday evening, before American football, we go to the stadium until midnight to practice yelling."
Tene tradition bi jem3et Texas A&M bi sine telte kill nes bsherko Ring Ceremony w byekhdo khatem ma7foor esmun 3le.,Another tradition at Texas A&M is in the third year everyone participates in the Ring Ceremony and they take a ring engraved with their names.
Emme ra7et men almania 3a Texas la hayda l-yom.,My mom traveled from Germany to Texas for this day.
Ba3den kill ness 7a ykun ring dunk.,Afterwards everyone will have a ring dunk.
Kill nes fiya lezim ykebbo l-khatem w yel2atu bi temun w yeshrabo beera bi nafes l-wa2et.,Everyone in it has to throw the ring and catch it with their mouth and drink beer at the same time.
Jem3et Texas A&M fiya programme Engineering kteer mnee7.,Texas A&M has a very good engineering program.
Jem3et Texas A&M fiya mabna esmo Zachary Engineering Education Complex bas ni7na mnsammi Zachary.,Texas A&M has a building called Zachary Engineering Education Complex but we just call it Zachary.
W bi Zachary fiyo ghirfe ma3 Engineering equipments metel miyyet 3D printers w ghirfe tene fiya kil l-equipments ta na3mul kil shi khasso bi l-engineering projects.,And in Zachary there is a room with engineering equipment such as a hundred 3D printers and another room with all the equipment to do everything specific to engineering projects.
W kill tulab fiyun yesta3mluwa.,And all the students can use them.
W texas A&M fiya kteer masare w bteshtere kteer ishyia cool.,And Texas A&M has a lot of money and buys a lot of cool things.
Ya3ne my partner lab byeshtere robot batta.,"For example, my partner's lab buys a duck robot."
W ni7na mnesta3mlo ta yemshe bi 7a2el dura w bi2awess l-7asharat ma3 laser.,And we use it to walk in a corn field and shoot the insects with a laser.
2abel l-ghada beshrab may,Before lunch I drink water
Taleb raa7 3a l-jem3a,A student went to the university
L-walad 3am yel3ab bi l-mal3ab,The boy is playing in the stadium
"Lamma kenet bi Hauptschule, ne7na ken 3inna jem3a la project w nhar jem3a ne7na mn2addem project.","When I was in Hauptschule, we had a gathering for a project and on Friday we present the project."
Killian w ana ken badna na3mul berkan min japsin.,Killian and I were going to make a volcano out of plaster.
Awal shi killian w ana 3melna jabal min shabak w ba3den ne7na 7attayna shaysh 3a shabak w ba3den 7attayna l-japsin 3a shaysh.,"First thing, Killian and I made a mountain out of wire and then we put mesh on the wire and then we put the plaster on the mesh."
Ba3den mnuntur 7atta jabal l-japsin ta ynashshef.,Then we wait for the plaster mountain to dry.
Telet shi badna na3mul 7ufra bi ka3eb l-jabal ta n7utt l-2aneene.,"Third thing, we want to make a hole in the bottom of the mountain in order to put the bottle."
Ba3den mn7utt Fanta 7amra bi l-jabal w ba3den killian 7att menots bi l-fanta.,Then we put red Fanta in the mountain and then Killian put Mentos in the Fanta.
"Bi covid ma ken fiye etle2a ma3 ashabe, fa 2arraret e7tefel bi 3id miled la 7ale.","During Covid I couldn't meet with my friends, so I decided to celebrate my birthday by myself."
Awal shi bade a3mulo inno re7et 3a nede l-rimeye.,First thing I wanted to do was that I went to the shooting club.
"Ba3ed nede rimeye ana kenet ju3an, w jeye 3a bele steak, fa re7et 3a Texas Roadhouse ta ekul steak.","After the shooting club I was hungry, and I felt like having steak, so I went to Texas Roadhouse to eat steak."
Texas Roadhouse 3ando khebez ma3 zebde w 2irfe.,Texas Roadhouse has bread with butter and cinnamon.
heyda ktir addictive w unlimited w free.,This is very addictive and unlimited and free.
"Bi 2023 ana w Julia w Siri shefna ""Everything Everywhere All at Once"".","In 2023 Julia, Siri and I watched ""Everything Everywhere All at Once""."
Bi movie fi 3ayle siniyye 3andon maghsalle w heyde 3ayle 3andon mashaykil ma3 IRS.,In the movie there is a Chinese family that has a laundromat and this family has problems with the IRS.
IRS shayyako 3layun w ba3den wa7esh shreer hejam l-3ayle.,The IRS checked up on them and then an evil monster attacked the family.
Ba3den kill asabe3un t7awalo la hotdog.,Then all their fingers turned into hotdogs.
Bi l-ekhir l-wa7esh t7awal la benetun w IRS battalo yshayko 3layun.,In the end the monster turned into their daughter and the IRS stopped checking up on them.
l-movie ktir sayye2 le2an l-2issa mish mni7a w ma ba3ref.,The movie is very bad because the story is not good and I don't know.
Ana ma b7eb hayda l-movie.,I don't like this movie.
Bfakker ino l-movies l-frensewiyye kteer random w weird.,I think that French movies are very random and weird.
"Halla2 a7san ghiniye ele ""Alles oder Nix"" la SSIO.","Now my favorite song is ""Alles oder Nix"" by SSIO."
Lesh? Le2an fiya beats mni7a w kalemeta mni7a kamen.,Why? Because it has good beats and its lyrics are good too.
"Bas a7san ghiniye ele 3an 3atool hiyye ""Giro"" la ""Roy Bianco und die Abbrunzati Boys"".","But my all-time favorite song is ""Giro"" by ""Roy Bianco und die Abbrunzati Boys""."
l-ghiniye btekhdak 3a italia bi seif.,The song takes you to Italy in summer.
Lamma besma3a bseer bade ishrab Aperol Spritz bi Capri.,When I listen to it I feel like drinking an Aperol Spritz in Capri.
Bi 2023 Julia w ana re7na 3a l-urdun.,In 2023 Julia and I went to Jordan.
"Awal shi, bas wselna, trawa2na mana2eesh bi Lebanese Bakery bi 3amman.","First thing, as soon as we arrived, we had manakeesh for breakfast at the Lebanese Bakery in Amman."
Ba3den re7na 3a ma3bad romane la Hercules w 2al3et 3amman w ekhir shi re7na 3a masra7 romane.,Then we went to the Roman temple of Hercules and the Amman citadel and the last thing we went to was the Roman theater.
Tene yom re7na 3a l-ba7er l-mayyet w saba7na bi l-ba7er l-mayyet w ba3den 7atayna mile7 l-ba7er w teen 3layna.,The second day we went to the Dead Sea and swam in the Dead Sea and then we put sea salt and mud on our bodies.
l-masa akalna burgers mish taybeen bi l-hotel.,In the evening we ate burgers that weren't tasty at the hotel.
Telet yom re7tna 3a wede mujib w ba3den re7na 3a Mövenpick hotel bi wede mussa.,The third day we went to Wadi Mujib and then we went to the Mövenpick hotel in Wadi Musa.
Rabe yom zerna Petra ma3 daleel siye7e bas huwe ken mish mni7.,The fourth day we visited Petra with a tour guide but he was not good.
Ba3ed yom taweel ken 3andun bouza taba3un bi hotel mövenpick.,After a long day they had their own ice cream at the Mövenpick hotel.
Ekhir yom re7na wede rum ma7al julia proposal.,"The last day we went to Wadi Rum, the place of Julia's proposal."
Hon t3allamna ino kill jamal huwe jamal badawe.,Here we learned that all beauty is Bedouin beauty.
"Akid, re7le khassa kteer.","Definitely, a very special trip."
Sami akbar men Rami.,Sami is bigger than Rami.
Sami akbar walad bi saf.,Sami is the biggest kid in the class.
Da2et 2albe tersom albik,My heart got lost drawing your heart
Meshta2 la wejjik ye7mine men wejj l-kizbe,I miss your face to protect me from the face of lying
Marwan Khoury she3ire ktir.,Marwan Khoury is very poetic.
Ma fiye iktub metel heyde gheniye.,I can't write something similar to this song.
Fakker heyde l-benet ktir sgheere 3le.,He thought this girl was much younger than him.
Wen badna nru7,Where do we want to go
Atba2 khassa men seafood,Special dishes of seafood
Lama eja l-akel la 3anna,When the food came to us
Akalna,We ate
Awal shi eja la 3anna huwe samak taco,The first thing that came to us was fish taco
Ri7to besh3a,Its smell was disgusting
As7ab shighle kteer zenkheen.,The owners of the business are very unpleasant.
Ana ketib 2iSaS 7ilwe.,I am a writer of beautiful stories.
Huwwa 2are ktir mni7.,He is a very good reader.
Hiyye 3amle bi ma3mal kbiir.,She is a worker in a big factory.
al-walad le3ib shaaṭir.,The boy is a skilled player.
inta fehim kill shi?,Do you understand everything?
"Yara fey2a men subu7 bakeer, shefet shames tal3a men wara l-jabal, w 7asset bi-far7a kbire.","Yara wakes up early in the morning, she saw the sun rising from behind the mountain, and she felt a great happiness."
"Yara talibe jem3iyye, w dersa adab 3arabi, bas kamen she3ra w ketibet 2isas 2asira.","Yara is a university student, and she studies Arabic literature, but she is also a poet and a writer of short stories."
"l-yom ken yom khas, li2anno 3anda 2rayet she3er bi mat3am mashhoor bi noss Beirut.","Today was a special day, because she has a poetry reading at a famous restaurant in the middle of Beirut."
3afwan,Sorry / excuse me
Nhar l-khamees,Thursday
Kenna bi Chicago,We were in Chicago
Ta nelte2e w trawa2na,In order to meet and have breakfast
W traw2na 7add l-bu7ayara,And we had breakfast by the lake
Ta nekhud safine w na3mul tour,In order to take a boat and do a tour
W safine ra7et 3a kil beit,And the boat went to every house
Ba3ed tour re7na 3a Cloud Gate,After the tour we went to Cloud Gate
Shrebna cocktails,We drank cocktails
Re7na 3a giordanos east ta net3asha deep dish,We went to Giordano's East to have deep dish for dinner
Nhar l-jem3a,Friday
Ken 3inna welcome party le2an kil as7abe ejo la hon,We had a welcome party because all my friends came here
Ejo 3a Chicago,They came to Chicago
Ken fi tawshe,There was a hectic situation
Felix ken shbeen,Felix was the best man
"Sabet traw2na iHop, w ba3ed ma traw2ana, Felix w ana 7addarna 7alna","On Saturday we had breakfast at IHOP, and after we had breakfast, Felix and I got ready"
Min eja 3a l-3eres,Who came to the wedding
Miyyet shakhes eja 3a l-3eres,A hundred people came to the wedding
Khamse w 3shreen shakhes ejo men taraf Emm Julia,Twenty-five people came from Julia's mother's side
W khamse w 3shreen shakhes ejo men taraf Bayy Julia,And twenty-five people came from Julia's father's side
Nes l-ma3azeem men taraf ahel Julia,Half of the invited people were from Julia's family side
W sab3a w 3shreen ejo men almania,And twenty-seven came from Germany
A7san taree2a ta terte7 ba3ed yom taweel,The best way to relax after a long day
Ana 3ande kaza taree2a ta erte7 ba3ed yom taweel,I have several ways to relax after a long day
Awal taree2a hiyye ino ana w as7abe aw Julia mnru7 3a l-bike ride,The first way is that my friends or Julia and I go on a bike ride
Aw2at mnekul booza 3a bike ride aw mnishrab beera bi beergarden 7add l-bu7ayra union,Sometimes we eat ice cream on the bike ride or drink beer at the beer garden by Union Lake
Tene taree2a hiyye ino ana w Julia mnekul sushi lama ne7dar television,The second way is that Julia and I eat sushi while we watch television
Shu aham shi mndebbo la safar,What is the most important thing we pack for a trip
"Lamma ykun 3ande safar, awal shi bdebbo underwear","When I have a trip, the first thing I pack is underwear"
"Ba3ed ma bdebb l-underwear, bdebb kalset w t-shirts","After I pack the underwear, I pack socks and t-shirts"
Abadan ma bdebb pants le2an ma belbus pants,I never pack pants because I don't wear pants
Ekhir shi ana bdebb fersheyet snene w ma3joon snen w ghasool jesem w zeit la da2en w fersheyet da2en w deodorant w parfun,The last thing I pack is a toothbrush and toothpaste and body wash and beard oil and a beard brush and deodorant and perfume
"As7abe da77ako 3laye le2an hinne bfakkero 3ande tlete bi wa7ad ghasool jesem, bas ma 3ande","My friends laughed at me because they think I have three-in-one body wash, but I don't"
A7yenan bdebb laptop iza safar taweel,Sometimes I pack a laptop if it's a long trip
Btaffiya ma3 toom,We turn it off with garlic (to reduce the taste)
Ekhir sine Julia w Andrew w ana kenna bi buheira 3a paddle board 7kena 3an heyda topic,Last year Julia and Andrew and I were on the lake on a paddle board and we talked about this topic
Andrew w Julia 2alo ino hinne byeklo akel hinde,Andrew and Julia said that they eat Indian food
"Ana 2elet ino bekul akel almane, le2an akel almane ktir mnawwa3","I said that I eat German food, because German food is very diverse"
Ya3ne subu7 mnekul khebez ma3 charcuterie w confiture d'oranges,"For example, in the morning we eat bread with cut meats and orange jam"
Arba3a talef w khams miyye w sitte w tleteen,Four thousand five hundred and thirty-six
Shu l-mahara l-mufide yalli ma bit3allima l-madrase w leish?,What is the useful skill that school doesn't teach and why?
Awal mahara mufide yalli ma bit3allima l-madrase hiyye empathy.,The first useful skill that you don't learn at school is empathy.
Bi l-masee7iyye mnt3allam nkun muta3atifeen bass ktir ru2asa ma 3andun ta3atuf.,In Christianity we learn to be empathetic but many leaders have no empathy.
Ente ma fike tkune sympathetic bedoon ma tkune muta3atife.,You can't be sympathetic without being empathetic.
"Bi america, shwayet shabeb be2oolo shwayet nes ma 3andun deen bas byetsarrafo metel middayneen w shwayet nes middayneen bas ma byetsarrafo metel middayneen.","In America, some young people say some people have no religion but behave like religious people, and some people are religious but don't behave like religious people."
Bi almania ni7na mnet3allam bi l-madrase deen bas hayde mish ya3ne ino t3allamna ta3atuf aw ra7me.,In Germany we learn religion at school but that doesn't mean we learned empathy or compassion.
Iza enta estez kif bta3te l-course?,"If you are a teacher, how do you give the course?"
Ana elet enne mareed.,I said that I'm sick.
Mbere7 ana w Julia 7kina 3an ra7me w ta3atuf w kif bit3allemun l-madrase.,Yesterday Julia and I talked about compassion and empathy and how they teach them at school.
Julia 2alet ino ra7 tes2al l-wled y2oolo 3an kif nes b7esso bi l-movies.,Julia said she would ask the children to talk about how people feel in movies.
Ana 2elet ino mnru7 3a seid w 2awes 3a ghazel bas ana ra7 ejra7 l-ghazel. W l-wled ra7 ye2tlo l-ghazel ta yit3allamo ta3atuf w ra7me.,I said that we would go hunting and I would aim at a gazelle but I would wound the gazelle. And the children would kill the gazelle to learn empathy and compassion.
ana akhadet rebe3 se3a ta usal 3a Zalka.,I took a quarter of an hour to arrive at Zalka.
Shu ahamm: hiweye aw kteer shighil?,What is more important: talent or a lot of work?
Ahamm shi huwe l-7azz.,The most important thing is luck.
"Ya3ne, nes nej7een ken 3andun 7azz.","I mean, successful people had luck."
"Tab3an inta lezim tishtighil kteer, bas bedoon l-7azz inta ra7 tishtighil la 7ad l-mot.","Of course you have to work a lot, but without luck you will work until death."
Masalan Jeff Bezos aw Bill Gates keno 3andun ahel aghniya w keno bi ma7al sa7 w wa2et sa7.,"For example, Jeff Bezos or Bill Gates had rich parents and were at the right place at the right time."
Ya3ne inta ma fik balesh Amazon aw Microsoft l-yom le2an hinne mawjudeen.,"I mean, you can't start Amazon or Microsoft today because they already exist."
"Tene matal Threads, l-app tab3ul Mark Zuckerberg.","Another example is Threads, Mark Zuckerberg's app."
Threads mish mohemme le2an twitter aw bluesky aw mostodon mawjudeen.,Threads isn't important because Twitter or Bluesky or Mastodon exist.
Te3reefe la naje7 ken 3am yetghayyar men wa2et la wa2et.,My definition of success has been changing from time to time.
"Lamma ana kenet sgheer, kenet fakker naje7 ino ykun 3andak massari ktir.","When I was young, I used to think success meant having a lot of money."
Bas halla2 bfakker ino naje7 fiyo kaza taree2a.,But now I think success can be in several ways.
"Iza rbe7et lotto, khaberne 3an khutta la ela w shi wa7ad la l-3alam.","If you win the lottery, tell me about your plan for yourself and one thing for the world."
Bfakker l-3afw shi mni7 bas mish kill jarime bten7all bi l-3afw.,I think forgiveness is a good thing but not every crime can be solved with forgiveness.
Bfakker ino qisas shi 3adel le2an mish l-jarime is made equally.,I think that retribution is fair because not all crimes are made equally.
"Ya3ne, l-2atel lezim yet3a2ab aktar men gharame.","I mean, the murderer must be punished more than tax evasion."
L-3iqab lezim yesewe l-jarime w natīje lezim tsewe rade3.,The punishment must fit the crime and the result must serve as a deterrent.
Ma bfakker ino izza inta btesru2 tikhsar 2idak bas fi rad.,"I don't think that if you steal you should lose your hand, but there is retribution."
I3kilha wa tawakkal,Tie your camel and put your trust in God.
S3a ya 3abede ta is3a ma3ak,God says: work for it my slave so I work with you.
awal fikra ino allah 3ando l-ikhtiyar 3a nes,The first idea is that God has the choice over people.
Noo7 ken ma baddo fayadan 3a l-2ared bas allah ken baddo,"Noah did not want a flood on earth, but God wanted it."
Noo7 ma khtar ino huwwe yibne l-safine,Noah did not choose to build the ark himself.
tene fikra ino allah 3ando l-ikhtiyar w kil nes 3andun l-ikhtiyar kamen,The second idea is that God has the choice and all people have the choice too.
l-3adra ma khtaret iza ma bada tkun emm allah,The Virgin did not choose whether she wanted to be the mother of God.
ana jebet may 3a l-beit,I brought water to the house.
zeed sikkar 3a l-2ahwe,Add sugar to the coffee.
"zedet l-7arara lyom, w sar fi shames","The temperature rose today, and the sun came out."
Koul li-nafsak wa ilbas li-l-nas,"Eating is for yourself, but dressing is for people."
"Ana bfakker ino 7asab shakhes mashhoor, iza byekhsar 7alo aw la.","I think it depends on the famous person, whether they lose themselves or not."
Ana bfakker kamen ino 7asab iza shakhes sar mashhoor ka sghir aw kbir.,I also think that it depends if the person got famous as a child or as an adult.
Bfakker ino fi forsa sghire elun yekhsaro 7alun iza 3andun wa2et yebno shakhsiyetun aw la.,I think there is a lower chance of them losing themselves if they have already had time to build their personality or not.
"Huwe sar ketib mashhoor ba3ed ma met bi 3asher sneen, huwe tshike yehude w ken men mujtama3 lezim ye7ko bi l-almane mish bi tshikiyye, bas huwe ma ken y7eb hayda shi.","He became a famous writer ten years after he died. He was a Czech Jew, and he was from a society where they had to speak German, not Czech, but he didn't like that."
"Shtaghal absha3 wazeefe bi l-3alam, ken mwazzaf yektub ta2areer la l-3immel yalli sar ma3un isabat khilel l-3amal.",He worked the worst job in the world; he was an employee writing reports for the workers who had injuries during work.
Ken yekrah ra2esmeliyye bi wa2et kill nes kenet terkud ta3mul masaré.,He hated capitalism at a time when all people were running to make money.
Ma 2ebel yeshteghel ma3 bayyo bi sherke w faddal yeb2a bi wazeefe ma b7ebba.,He refused to work with his father in the company and preferred to stay in a job he didn't like.
Ken yshuf 7alo shakhes feshil bi kil shi.,He saw himself as a failure in everything.
Shakhes ma bye2dar yet2aklam ma3 l-3alam yalli 3ayesh fi.,A person who couldn't adapt to the world he lived in.
"Lamma katab 2isset l-insen yalli we3e la2a 7alo sarsoor, awal shi fakkar ino kif baddo yru7 3a l-wazeefe.","When he wrote the story of the man who woke up and found himself a cockroach, the first thing he thought about was how he would go to the job."
Metel ka2inno wujud kil insen mertebet bi l-wazeefe bas.,As if the existence of every human is linked to the job only.
"Kafka ken ze3len 3a nes yalli saro 3abeed la l-wazeefe, w 3a l-insen yalli sar 3abed la l-masaré.","Kafka was sad for the people who became slaves to the job, and for the human who became a slave to money."
"Kafka 2abel ma ymut talab men rfee2o ye7ro2 kill kitibo, bas rfee2o shtaghal 3asher sneen w nashar kel kutub kafka le2an shef ino hayde ketub mhemme.","Kafka, before he died, asked his friend to burn all his books, but his friend worked for ten years and published all of Kafka's books because he saw that these were important books."
"Kafka ma ken bya3ref 2imet 7alo, bas huwe ahamm ketib katab 3an mu3anet l-insen bi 3aser l-ra2smeliyye.","Kafka didn't know his own value, but he is the most important writer who wrote about human suffering in the age of capitalism."
Ken yektub.,He used to write / He was writing.
Ken yekrah.,He used to hate.
Sar mashhoor.,He became famous.
Saro 3abeed.,They became slaves.
Ma 2ibel.,He did not accept / refused.
Ma byi2dar.,He cannot.
Ma ken y7ib.,He didn't used to like.
Hitler ma 2ibel ino ma n2abel bi madrase fann.,Hitler refused to not be accepted into art school.
"Sar mashoor ma3 ""Mein kampf"" ba3ed ma fall min l-7abes bi almanyia.","He became famous with ""Mein Kampf"" after he got out of prison in Germany."
l-Yehud saro 3abeed ba3ed ma Hitler sar ra2ees.,The Jews became slaves after Hitler became president.
Ba3ed ma sar l-ijtiye7 Hitler met.,"After the invasion happened, Hitler died."
Ana ba3te2id enno el-nes byit3allamo el-kheir men ahaliyun w inta?,"I believe that people learn to be good from their families, and you?"
Ana wefa2et.,I agreed.
Ma bfakker ino l-fitra min tufule hiyye l-kheir.,I don't think that the innate nature from childhood is goodness.
Ana ba3te2id inno waled saf7a bayda ya3ne waled ma bfakkero bi sharr bas hinney byit3allamo min ahaliyun aw l-bi2a.,"I believe that a child is a blank page, meaning a child doesn't think of evil, but they learn it from their families or the environment."
Bi ra2iye ya3ne ino saf7a bayda bi tabee3et l-waled ya3ne hinney fitretun l-kheir bas akid lezim yet3allamo l-kheir.,"In my opinion, the blank page is in the nature of the child, meaning their innate nature is goodness, but they certainly have to learn to be good."
Ma khel2o ma3 mayl la sharr bas hinney byet3allamo sharr.,"They aren't born with a disposition for evil, but they learn to be evil."
Inta katabet jemle 7elwe.,You wrote a nice sentence.
Hayde l-kelme sa3be.,This word is difficult.
Lesh el-sekte?,Why the silence?
Akid ana ma 3ande jnun l-3azame ta sade2 ino fi kawkab bi sama bado ya3tine sa3ade bas akeed ma 3ande meni3 bulling kil nes li abrajun 7ayawenet.,"Of course, I don't have grandiosity delusions to believe that there is a planet in the sky that wants to give me happiness, but I definitely have no problem bullying all the people whose zodiac signs are animals."
Burj huwe anjad 3ilm zeyif.,Horoscopes are really a pseudoscience.
Ya3ne ma bsade2 ino l-kwakib aw 3ilm el-falak bt2irilna l-mousta2bal.,"I mean, I don't believe that the planets or astronomy read our future for us."
Bas heyde tasliye mni7a.,But this is good entertainment.
A7yenan bheb ino l-burj ykun ha2i2a bas bass iza tawa22o3e mnee7.,"Sometimes I like the horoscope to be true, but only if its prediction is good."
Kill yom subu7 emme bte7dar l-burj 3a televison bas huwwe deyman mnee7.,"Every morning my mom watches the horoscope on television, but it's always good."
"Men zamen, l-almas ma ken elo ha l-2eeme l-kbire yalli mna3refa l-yom.","A long time ago, diamonds didn't have this great value that we know today."
"l-2issa ballashet bi Jnoub Afri2ya senet 1867, lamma muzere3 la2a 7ajra btelma3 7ad naher, w tol3et almas!","The story began in South Africa in 1867, when a farmer found a shining rock near a river, and it turned out to be a diamond!"
"Faj2a, l-kill sar baddo ye7fur w yfattesh 3a l-kanez.","Suddenly, everyone wanted to dig and search for the treasure."
"Bi haydak l-wa2et, tele3 shabb Britani esmo Cecil Rhodes.","At that time, a British young man named Cecil Rhodes appeared."
Ha zalame ken 3ando tumu7 mesh tabee3e yseer men taba2a l-ghanye.,This man had an incredible ambition to become part of the wealthy class.
"Bi zaka w khebes, sar yeshteri l-manajem wa7ad wara tene, w assas sherket De Beers.","With intelligence and wickedness, he started buying mines one after another, and founded the company De Beers."
"Cecil 3eref shaghle mhemeh ktir: iza l-almas sar mawjoud bi kill maken, se3ro byenzel deghre.","Cecil knew a very important thing: if diamonds became available everywhere, their price would drop immediately."
"Kermel heik, sar ykhabbe l-almas bi l-makhazen w y2oul la l-3alam enno nader kteer ta yghalle se3ro.","Because of this, he started hiding diamonds in warehouses and telling people they are very rare to raise their price."
Bas l-2issa ma kholset hon.,But the story didn't end here.
"Bi tletinyet, l-mabee3at nezelet bi sabab l-azme l-iqtisadiye.","In the thirties, sales dropped due to the economic crisis."
Hon sherke 3amlet akbar 7amle i3leniyye bi terikh!,Here the company carried out the biggest advertising campaign in history!
"Ana3o shabeb enno l-almas la l-abad, w enno shabb lezim yedfa3 rateb shahren ta yeshteri khatem almas la khatibto ka ramez la l-7ob l-7a2i2e.","They convinced young men that diamonds are forever, and that a young man must pay two months' salary to buy a diamond ring for his fiancée as a symbol of true love."
"W heik, battal l-almas 7ajar, sar 7elem w tha2afe 3and l-kill.","And so, diamonds were no longer just a stone, they became a dream and a culture for everyone."
l-7a2i2a hiyye enno l-almas ghale bas le2anno fi sherke 2arraret tet7akkam bi l-3ared w tel3ab bi 32oul nes.,The truth is that diamonds are expensive only because there is a company that decided to control the supply and play with people's minds.
"W hala2, sorna kelna mnesadde2 enno l-7ob ma byekmal bala ha l-7ajar yalli bi l-asel ken 7ajar rkhis w mtwaffer bi kitra!","And now, we all became believing that love isn't complete without this stone that was originally a cheap stone available in abundance!"
Hayde ashal tari2a nkhalle l-jemle atwal bala ma nghayyer kteer.,This is the easiest way to make the sentence longer without changing much.
"Mnesta3mel who, which, that, where, whose la yzidou details.","We use who, which, that, where, whose to add details."
"Bel A2, mnesta3mel and, but, so ktir.","In A2, we use and, but, so a lot."
Lezim njarreb haydol l-structures.,We have to try these structures.
Ma nesta3mel l-verb la 7alo.,We don't use the verb on its own.
"Kill verb lezim ykoun ma3o adverb, w kel noun ma3o adjective.","Every verb should have an adverb with it, and every noun an adjective."
"La nkhabber ossa, badna nest3amel sequence kermel l-jemle ma tbayyen choppy.","To tell a story, we need to use sequencing so the sentence doesn't seem choppy."
"Ma daroure nesta3mil kteer passive, bas fina nballesh nesta3melo ta nghayyer l-focus.","It's not necessary to use the passive a lot, but we can start using it to change the focus."
"Ma3 enno ken fi shite awey, 2arrarna nroo7 nemshe bi l-jnayne.","Although it was raining heavily, we decided to go for a walk in the park."
"Ana daraset kill l-leil, bas ana l2eet l-imti7an kteer sa3eb.","I studied all night; however, I still found the exam quite difficult."
"Le2an ta2es 7elo l-yom, ni7na lezim nroo7 na3mul re7le barra.","Since the weather is beautiful today, we should have a picnic outside."
"Raa7 l-bus 3le, kirmel heik huwe t2akhar 3an ejtime3 mohem.","He missed the bus; therefore, he was late for the important meeting."
"L-hotel ken ktir ndeef, zyede 3an heik l-mwazafeen keno ktir met3awneen.","The hotel was very clean; furthermore, the staff were incredibly helpful."
"Ana b7eb esma3 musi2a rock, bi wa2et enno ekhte bt7eb musi2a classique.","I prefer listening to rock music, whereas my sister loves classical music."
Enta ma ra7 tet7assan bi l-inglize ella iza tmarranet te7ke kill yom.,You won't improve your English unless you practice speaking every day.
Enta fik tru7 3a l-7afle bi sharet enno tkhalles fardak bi l-awal.,You can go to the party provided that you finish your homework first.
Fi ktir lighat la l-7ubb w l-karam wa7ad menna.,"There are many languages for love, and generosity is one of them."
Tabekh la 7ada fi ktir karam le2an inta bt2ade wa2et w btesruf masare la dayfak.,Cooking for someone has a lot of generosity because you spend time and money on your guest.
Enak Te3zum dyuf 3a beitak ya3ne t2addemlun 7imeye w salem.,Inviting guests to your home means you offer them protection and peace.
Khassatan bi wa3et l-mawered 2aleele btfarje ta2deer la dayf.,"Especially in times of scarce resources, this shows appreciation for the guest."
"El-sahar bi lebnen mish bass ra2as, houwwe tari2a la nikhfe el-ghassa li bi 2albna.",Partying in Lebanon isn't just dancing; it's a way to hide the heartache in our hearts.
Libnen huwe wejen.,Lebanon is two-faced.
Mayle we7de fi ktir party w rafahye w farah mzayyaf w mayle tene fi ktir fawda w sira3 taba2e.,"On one side there's a lot of partying, luxury, and fake joy, and on the other side there's a lot of chaos and class struggle."
"Batal 2essetna huwe docteur John Kellogg, w hayda zalame ma ken mujarrad khabir taghziye, ken mahwoos bi nadafe l-jasadiye w rou7iye la daraje mish tabi3iye.","The hero of our story is Dr. John Kellogg, and this man wasn't just a nutrition expert; he was obsessed with physical and spiritual cleanliness to an unnatural degree."
"Bi l-2aren tase3 3ashar, ken Kellogg ydir masa77a bi Battle Creek bi America, w ken mou2men bi nazariye gharibe 3ajibe: enno l-2akel tayyeb l-mbahhar huwe asel kill l-balawi l-akhla2iye.","In the 19th century, Kellogg ran a sanitarium in Battle Creek in America, and he believed in a very strange theory: that tasty, spicy food was the root of all moral calamities."
"7asab ra2yo, la7me w l-bharat btekhalle dam shabeb yfoor w bt7affiz 3andon raghabat w khataya lazem ten2ama3.","According to his opinion, meat and spices made young people's blood boil and stimulated desires and sins that needed to be suppressed."
"Fa 2arrar yekhteri3 2akel ykoun 2imme bi l-malal w ykoun neshif w bala ta3me, kermal yehadde a3sab nes w ykhalliyon yrakzo bi sala w sheghel w bass.","So he decided to invent a food that was the pinnacle of boredom, dry and tasteless, to calm people's nerves and keep them focused only on prayer and work."
"Bi yowm men l-iyam, ken huwe w khayyo Will 3am y7awlo yotbokho 2ame7 masloo2, fa tarakou w fallo.","One day, he and his brother Will were trying to cook boiled wheat, so they left it and walked away."
"Lamma rej3o, la2o l-2ame7 nishif w sar 2ase.","When they returned, they found the wheat had dried out and become hard."
"Badal ma ykebbou, jarrabo ymarr2ou bi makanit roll, fa tele3 ma3on 3a shekel ra2ayi2 neshfe.","Instead of throwing it away, they tried running it through a rolling machine, and it came out as dry flakes."
Hammasouha w 2addamouha la l-marda bi l-mistashfa ka 2akel taher byeksir raghbe w byehazzib nafes.,They toasted them and served them to the patients in the hospital as a pure food that breaks desire and disciplines the soul.
Hon ballashit l-mishkle bayn l-ikhwe.,This is where the trouble started between the brothers.
"Will ken shater bel business, 2allo la khayyo: Ya John, hayda l-2akel metel l-carton, ma 7ada ra7 yeshteri! Khalline zid 3le shwayyet sikkar ta ysir tayyeb.","Will was clever with business, and he told his brother: John, this food is like cardboard, nobody will buy it! Let me add a little sugar to make it tasty."
John jann jnouno!,John went ballistic!
Sarakh fi w 2allo: Baddak tfassid akhla2 l-2imme bi sikkar? Hayda 2akel la l-3iffe mish la talazzouz!,"He yelled at him and said: You want to corrupt the morals of the nation with sugar? This is food for chastity, not for pleasure!"
"Bass Will ma radd 3le, w sara2 l-fikra, zed 3le sikkar, w assas sherkit Kellogg's yalli mna3rifa l-yom.","But Will didn't respond to him, and he stole the idea, added sugar, and founded the Kellogg's company that we know today."
"W heik, l-2akle yalli n3amalit kermel tkoun 3i2eb w temna3 raghabat, saret hiye terwi2a l-mofadale la l-3alam killo la2ana tayybe w 7elwe.","And so, the meal that was made to be a punishment and a suppressant of desires became the favorite breakfast of the whole world because it's tasty and sweet."
"Tkheyyal inno kill mla32it Corn Flakes 3am tekila l-yom, ken l-mafroud tkoun frem la shahwetak 7asab khettit docteur John!",Just imagine that every spoonful of Corn Flakes you eat today was supposed to be a brake for your desires according to Dr. John's plan!
"Bi Battle Creek America, ken fi khayyen John w Will.","In Battle Creek, America, there were two brothers, John and Will."
John ken hakim w mudir masa77a.,John was a doctor and the director of a sanitarium.
John ken yheb l-malal w huwwe ma ken yheb l-bharrat bi akel.,John liked boredom and he didn't like spices in food.
Ba3den John farja Will terwi2to l-jdeede bas Will ma 7abba.,Then John showed Will his new breakfast but Will didn't like it.
Bas Will ken 3ando fikra ino y7ott sikkar 3a ra2ayi2 corn.,But Will had an idea to put sugar on the corn flakes.
W ba3den Will be3 ta7et esem Kellogg's corn flakes.,And then Will sold it under the name Kellogg's corn flakes.
Badde jammel l-wared,I want to make the roses beautiful.
Adde m3ashak?,How much is your salary?
Lesh ba3dak msh mjawwaz?,Why aren't you married yet?
"Ma fi 7ada bishi3, fi 7ada ma ma3o masare.","There is no one who is ugly, there is only someone who doesn't have money."
l-Alman ktir 7shriyye.,Germans are very nosy.
Bi almanya aktar nes byra2bo nes tenyeen.,"In Germany, most people watch other people."
Mn2ellun stare.,We call them 'stare'.
"Masalan, lamma bru7 3a dekene, fi sittet biyittala3o fiye, le2an ana manzare 3arabe.","For example, when I go to the store, there are women who stare at me, because I look Arab."
"El-mousi2a bi l-bet libnene mish bass fann, hiyye rou7 yalli btejma3na kilna sawa.",Music in the Lebanese home isn't just art; it's the spirit that gathers us all together.
"Bi Seattle, 3andun cafe 3arabe w kill subu7 hinney 3andun aghwe w Fairuz.","In Seattle, they have an Arabic café, and every morning they have coffee and Fairuz."
A7yanan 3andun ma3moul aw manaiche.,Sometimes they have maamoul or manakish.
"Lal asaf, hinne 3a Mercer Island w Julia w ana mnkaslen mnru7 la 3andun.","Unfortunately, they're on Mercer Island, and Julia and I are too lazy to go to their place."
bi-l beit hon w bi almanya ne7na mnesma3 mousi2a subu7 aw ghada.,"At home here and in Germany, we listen to music in the morning or at lunch."
Bas mnesma3 radio w mish la motreb ma3yan.,But we listen to the radio and not to a specific singer.
Hon bi université mnesma3 lofi 3a youtube ne7na w 3am nedrus.,Here at university we listen to lofi on YouTube while we study.
day3a bala mosi2a hiyye day3a mayte; sawt houwwe rou7 l-jabal.,A village without music is a dead village; the sound is the soul of the mountain.
"Lamma ana brou7 bi day3a, ana besma3 sawt l-3asfoor.","When I go to the village, I hear the sound of the bird."
Bas kill mara amou3 Nabil bye23ud bi nasbe w huwwe b7ott sawt 3asfoor 3a telephone.,"But every time, my uncle Nabil sits in a hunting spot and plays a bird's sound on his phone."
w ba3den mnetbukh l-3asfoor sghir 3a l-grill.,And then we cook the small bird on the grill.
Mnesma3 jeeran b7addro 3asha w l-jemi3 3am ysallo salat l-3asha.,"We hear the neighbors preparing dinner, and everyone is praying the evening prayer."
El-day3a hiyye l-maken yalli mnerja3lo kermel nle2e 7alna lamma l-madine dayyi3na.,The village is the place we return to in order to find ourselves when the city makes us lost.
"Ana wefa2et ma3 l-jimle, le2an kill as7abe byen2lo 3a day3a.","I agree with the sentence, because all my friends are moving to the village."
Shwayet ashab 3am yen2lo min Vienna 3a Frankfurt w b7eb 2en2ol 3a Frankfurt kamen.,Some friends are moving from Vienna to Frankfurt and I'd like to move to Frankfurt too.
l-mudun b7amso ktir bas l-day3a fiya 7ayet a7san.,"I feel the cities a lot, but the village has a better life."
"L-mādine bi lebnen ma btenem, mish la2enno btheb el-sahar, bas la2enno deyman fi shi baddo tasli7.","The city in Lebanon doesn't sleep, not because it loves staying up late, but because there is always something that needs fixing."
"Bi Frankurt, fi ktir sa2afe, bas bi yom 3ade aktar nes 3andun ahwe bi l-cafe w ba3den bru7o 3a shighel.","In Frankfurt, there is a lot of culture, but on a regular day most people have coffee at the cafe and then they go to work."
A7yenan hinne byekhdo sandwishe kamen.,Sometimes they take a sandwich too.
"Le2an fi ktir shitte bi almanya, ma fi el-hayet bi-share3.","Because there is a lot of rain in Germany, there is no life in the street."
"Ana bwefe2 ma3 'Al-3ilm fi-s-sighar, ka-n-naqsh 3ala al-hajar'.",I agree with 'Learning in youth is like engraving on stone.'
"Lamma re7et 3a jema3a bi california w ma 3ande shehede, ana kenet ktir khayef le2an ma 3ande shi.","When I went to a university in California and I didn't have a degree, I was very scared because I had nothing."
Mish akid iza shehede bi 'IT' aw 'Coding' ktir mni7a le2an AI ktir mni7 bi heyda shi.,I'm not sure if a degree in IT or Coding is very good because AI is very good at this thing.
"Koul ya ibni, el-la2me btishba3 el-2aleb abel el-ma3de.","Eat, my son; the bite fills the heart before the stomach."
Ma ba2 fiye ekul aktar,I can't eat anymore
Ana shbe3et,I'm full
Ana ma 3ande shahiye,I don't have an appetite
Teta tab3ule kenet tetbukh ahsan tabkhat.,My grandmother used to cook the best dishes.
Hiyye ken 3anda nafsa.,She had her own special touch (nafas).
Hiyye kenet tetbukh ahsan taboule aw batata mi2liyye.,She used to cook the best tabbouleh or fried potatoes.
Hiyye bt7ott 2alba bi-l akel.,She puts her heart into the food.
"El-cinema bi lebnen kenet 7elem kbir, w lyom saret mraye la wa2i3na sa3eb.","Cinema in Lebanon used to be a big dream, and today it has become a mirror to our difficult reality."
"Lama kenet sgheer, kenet bi day3a bi l-beit w ana btzakar ken 3anna televisionein bi 2udet l-a3de.","When I was little, I was in the village at the house and I remember we had two televisions in the living room."
Awal television ken rmede w kbir bas ma kena nesta3mlo.,The first television was grey and big but we didn't use it.
Tene television ken 3ando batterie w 3ando antenne w ken abyad w aswad.,The second television had a battery and had an antenna and was black and white.
Teta taba3oule kenet deyman testam3el television tene.,My grandmother always used the second television.
"Lama mama, baba, w ana kenna nru7 3a libnen 3a ras sine w kenna ne7dar bi l-abyad w l-aswad 3a television tene.","When mom, dad, and I used to go to Lebanon for New Year's, we used to watch in black and white on the second television."
"Abel, kenna niftikhir bi kil shi ajnabe. Lyom, l-iftikhar houwwe bi shi li mna3mlo bi idayna.","Before, we used to be proud of everything foreign. Today, the pride is in what we make with our own hands."
"Abel ma jiddo ymut, ken yshteghel bi ma3mal beton.","Before my grandfather died, he used to work in a cement factory."
"Bas, ana ma barif shu bya3mlo honik.","But, I don't know what they do there."
Jiddo ken yeshteghel honik min tleteen sine.,My grandfather worked there for thirty years.
Huwwe ken yftikhir inno shtaghal bi ma3mal beton w 3a 3eed tleteen sine akhad se3a hdiyye.,He was proud that he worked in a cement factory and on his thirty-year anniversary he received a watch as a gift.
Bay cousine ken ysale7 television aw radio aw frigo aw ayy shi tene.,My father's cousin used to fix televisions or radios or refrigerators or anything else.
Huwwe ken ktir mni7 bi taslee7 ayy shi.,He was very good at fixing anything.
"Lamma Julia kenet bi l-jem3a l-almnaiyye, kenet tru7 3a l-cafe khilel break w telte2e shab min maser w ismo Mohamed Ali.","When Julia was at the German university, she used to go to the cafe during break and meet a guy from Egypt named Mohamed Ali."
"Mohamed 7aka ino ibno 7akim bi almanya w iza Julia w ana batalna khatbeen, Julia talfanetlo.","Mohamed said that his son is a doctor in Germany, and if Julia and I are no longer engaged, Julia called him."
Bayy Julia hakim w emma saydalaniyye w hinney l-ta2o bi-l Mayo Mastifa bi Minesota.,"Julia's father is a doctor and her mother is a pharmacist, and they met at the Mayo Hospital in Minnesota."
John ken yedrus bi jem3et Notre Dame.,John was studying at the University of Notre Dame.
Bi Texas fi teknolojiya jdeede lamma l-aleb byente2el.,In Texas there is new technology for when the heart is transferred.
Ana w Julia mnru7 3a sou2 le2an 3am ntalla3 3a badle fakhme tefseel.,Julia and I go to the market because we're looking at a luxurious tailored suit.
Mnru7 3a mosammim w khayyat Butrus Saab.,"We go to a designer and tailor, Butrus Saab."
Butrus Saab mish mosammim 3alame bas huwe mahalle w rkhis.,Butrus Saab isn't a global designer but he's local and cheap.
2mesho mish mahalle bas fi tatriz.,His shirts aren't local but they have embroidery.
Moda taba3o mish aniqa aw mustadime.,His fashion isn't elegant or sustainable.
"Ma ba3rif lesh mnru7 3a Butrus Saab, bas iksiswarato basita.","I don't know why we go to Butrus Saab, but his accessories are simple."
Huwe mwazzaf bi Amazon.,He is an employee at Amazon.
Amazon samsar aw souk la taraf telet baye3.,Amazon is a broker or marketplace for third-party sellers.
Amazon ma 3andun khasara abadan w 3andun ktir rebe7.,Amazon has no losses at all and they have a lot of profit.
"Amazon 3andun sem3a 7elwe, bas ana ma ba3rif lesh.","Amazon has a good reputation, but I don't know why."
Kill khamis bi SLU fi souk muzare3een w ana btejir dollar ma3 berries.,Every Thursday in SLU there's a farmers' market and I trade a dollar for berries.
Cousine Michu ken 3ando forsa ta yru7 3a almanya.,Cousin Michu had an opportunity to go to Germany.
Huwe ballash a3malo bas 3andon ktir khasara le2an huwwe ma baddo ya3mul mafiwadat.,He started his business but they have a lot of losses because he doesn't want to negotiate.
Bi l-azme kill nes 3andun ta2aqlum w 3andun ibde3.,"In the crisis, all people have adaptation and they have creativity."
Bidun kahraba min dawle kill nes baddun ta2a badile.,"Without electricity from the state, all people want alternative energy."
Inhiyar l-iqtisad bya3mul I2tisad zell.,The collapse of the economy creates a shadow economy.
Ktir diyeb izza ma fi dawle le2an dawle btenhar.,There are a lot of wolves if there is no state because the state collapses.
"Ba3ed ma t2assas l-Hizb l-Qawmi, se7a l-lebneniyye shehdet weladet Hizb l-Kataeb bi senet l-1936.","After the Nationalist Party was established, the Lebanese scene witnessed the birth of the Kataeb Party in the year 1936."
Ken fi sira3 fekri ben ro2ya taba3 Antoun Saadeh la Souriya l-Kobra w-ro2yet Pierre Gemayel la Lebnen l-Kiyan.,There was an intellectual conflict between Antoun Saadeh's vision of Greater Syria and Pierre Gemayel's vision of Lebanon as an entity.
"W bi senet 1949, t2assas kamen l-Hizb l-Taqaddomi l-Ishtiraki 3a id Kamal Joumblatt.","And in the year 1949, the Progressive Socialist Party was also established at the hands of Kamal Joumblatt."
Hal ahzeb kenet 3am tne2ish w 3am tostodem ma3 ba3da kermel hawiyyet Lebnen ba3ed l-istiqlel.,These parties were debating and clashing with each other over the identity of Lebanon after independence.
Hal tanzimet saret juz2 asase men tarikhna l-siyasi yalli 3am n3isho l-yom.,These organizations became an essential part of our political history that we are living today.
T2assas Hizb l-Kataeb bi nisan 1936 3a id Pierre Gemayel w majmu3a men l-shabeb.,The Kataeb Party was established in April 1936 at the hands of Pierre Gemayel and a group of young men.
"l-fekra ejit ba3ed ma Gemayel sherak bi Olimpiyad Berlin, u3jeb bi tanzim shabeb honik.","The idea came after Gemayel participated in the Berlin Olympics, he was impressed by the organization of the youth there."
l-hadaf l-asase ken khale2 tanzim lebneni 2awe bi2emin bi Lebnen Awalan w byerfod taba3iyye la barra aw mashari3 l-we7de l-souriye aw l-3arabiye.,The main goal was to create a strong Lebanese organization that believes in Lebanon First and rejects dependency on the outside or projects of Syrian or Arab unity.
l-Hizb le3eb dor me7wari ta y7aee2 l-istiqlel senet l-1943.,The Party played a pivotal role in achieving independence in the year 1943.
l-Kataebiyye nazzamo muzaharat ded l-intideb l-faransi w defa3o 3an l-Mithaq l-Watani.,The Kataeb organized protests against the French mandate and defended the National Pact.
"Bi hal mar7ale, baraz l-hizb ka 2ouwe wataniye btes3a la 7emayet kiyan Lebnen w siyadto.","In this stage, the party emerged as a national force seeking to protect the entity of Lebanon and its sovereignty."
Ma b7eb kif weslo la2en 2atel nes mish mnee7 - ana ma b7eb ino a7zeb libneniyye mikhtelfe yet2atalo ma3 ba3ed. 3unuf mish l-jaweb,I don't like how they got to it because killing people is not good - I don't like that different Lebanese parties fight with each other. Violence is not the answer.
T2assas l-hizb senet l-1958 3a id l-Ra2is Camille Shmoun ba3ed ma khelset welayto l-ri2asiye.,The party was founded in 1958 by President Camille Chamoun after his presidential term ended.
"Shmoun ken l-laqab taba3o l-Nemr, w fatret hokmo 3tabaret l-3asro l-dahabi la Lebnen, l-iqtisad shehed infiteh w izdihar ma sar metlo men abel.","Chamoun's nickname was 'the Tiger', and his rule period was considered the golden age for Lebanon; the economy witnessed openness and prosperity like never before."
l-hadaf ken l-hifaz 3al nizam l-liberali w ta3ziz hquq l-fard.,The goal was to preserve the liberal system and strengthen individual rights.
"Ma3 enno l-hizb t2assas ba3dain, bas Camille Shmoun ken men abraz abtal l-istiqlel.","Although the party was founded later, Camille Chamoun was among the most prominent heroes of independence."
"Bi senet l-1943, l-intidab l-faransi sajano bi qal3et Rashaya ma3 Bishara l-Khoury w Riad l-Solh.","In 1943, the French mandate imprisoned him in Rashaya Citadel along with Bishara al-Khoury and Riad al-Solh."
Hayda l-tarikh 3ata la Shmoun sha3biye ktir kbire ka za3im watani hamma siyadet Lebnen men l-bidaye.,This history gave Chamoun great popularity as a national leader who cared about Lebanon's sovereignty from the beginning.
l-Ahrar rakkazo 3a tlet mhawer.,The Liberals focused on three axes.
l-Hurriye l-Iqtisadiye: Rafd l-ishtirakiye w tashji3 l-istithmar.,Economic freedom: rejecting socialism and encouraging investment.
l-Infiteh 3al Gharb: Ta2wiyet l-3alaqat ma3 Europa w America.,Openness to the West: strengthening relations with Europe and America.
Lebnen l-Qawi: l-difa3 3an Lebnen ka jiser ben l-sharq w l-gharb.,A strong Lebanon: defending Lebanon as a bridge between the East and the West.
"Ma3 bidayet l-harb bi senet l-1975, l-hizb assas jinah 3askari in3araf bi isem Numur l-Ahrar bi qiyadet Dany Shmoun.","With the start of the war in 1975, the party founded a military wing known as the 'Tigers of the Liberals' led by Dany Chamoun."
l-hizb sharek bi 2ouwa bi l-Jabha l-Lebneniye la muwajahit l-falastiniye w l-yasar.,The party participated strongly in the 'Lebanese Front' to confront the Palestinians and the left.
Fi mahattat 2asiye la3ab fiha l-hizb dour.,There were harsh phases in which the party played a role.
Hisar Tall l-Za3tar: l-Numur sharako bi hal ma3rake l-damawiye yalli addet la qatel miyet l-mdeniyye w l-muqatilin l-falastiniye.,The Siege of Tal al-Zaatar: the 'Tigers' took part in this bloody battle that led to the killing of hundreds of civilians and Palestinian fighters.
Majzaret l-Safra: Hon wa2a3 l-khata2 l-dakhili l-kbir; l-Quwwat l-Lebneniye hajamet marakiz l-Numur la tawhid l-bunduqiye bi l-2ouwa.,The Safra Massacre: here the big internal mistake occurred; the Lebanese Forces attacked the 'Tigers' positions to unify the rifle by force.
Hayda l-shi adda la sira3 masihi-masihi damawi w do3of nufouz Shmoun l-3askari.,This led to a bloody Christian-Christian conflict and weakened Chamoun's military influence.
T2assas l-Hizb l-Souri l-Qawmi l-Ijtima3i bi Bayrout senet l-1932 3a id l-mufakkir Antoun Saadeh.,The Syrian Social Nationalist Party was founded in Beirut in 1932 by the thinker Antoun Saadeh.
B-t2oum 3aqidet l-hizb 3a fekret enno l-souriyyin omme tamme b-tmetadd joghrafiyyan ta teshfoul shi bi-nsemo Souriya l-Kobra.,The party's doctrine is based on the idea that Syrians are a complete nation that extends geographically to include what is called Greater Syria.
"l-hizb ma ken byi3timid 3al din aw l-ta2ifiye, bal ken byunadi bi fasel l-din 3an l-dawle w t-haqiq l-wehde l-qawmiye.","The party did not rely on religion or sectarianism, but called for the separation of religion and state and the achievement of national unity."
"Tarikh l-hizb shehed sira3at kbire ma3 l-solutat l-lebneniye, shi yalli adda la i3dam mu2assiso Antoun Saadeh senet l-1949.","The party's history witnessed major conflicts with the Lebanese authorities, which led to the execution of its founder Antoun Saadeh in 1949."
"Sharek l-hizb bi l-harb l-ahliye l-lebneniye damen l-Harake l-Wataniye, w ken elo dour baraz bi muqawamet l-ijtiyah l-isra2ili.","The party participated in the Lebanese Civil War within the 'National Movement', and it had a prominent role in resisting the Israeli invasion."
"l-yom, b-yba2a l-hizb 2ouwa siyasiye tenchat bi Lebnen w Souriya, a3da2o bi2amno enno l-khalas l-wahid lal minta2a huwwe l-wehde l-ijtima3iye w l-iqtisadiye ba3id 3an l-taqsimat l-isti3mariye.","Today, the party remains a political force active in Lebanon and Syria; its members believe that the only salvation for the region is social and economic unity, away from colonial divisions."
"Mish bas ken l-Hizb l-Souri l-Qawmi l-Ijtima3i tanzim siyasi, bal ken hadine lal muthaqqafin.","The SSNP was not just a political organization, but a cradle for intellectuals."
Hon zaheret l-Madrasa l-Tammoziye yalli dammit sho3ara kbar metel Adonis w Youssef l-Khal.,Here appeared the 'Tammuzi School' which brought together great poets like Adonis and Youssef al-Khal.
Hal odaba keno bi2amno enno l-qaside hiye wasile la ba3th l-omme.,These writers believed that the poem is a means for the rebirth of the nation.
Henne rafado l-taqlid w da3o lal hadathe w l-3ilmaniye.,They rejected tradition and called for modernity and secularism.
"Metel Gibran Khalil Gibran, hal sho3ara shafu enno hawiyyet l-minta2a hiye hawiyye hadariye wahde b-tejma3 ben l-madi l-Fini2i w l-Babili ma3 l-hadir l-ijtima3i.","Like Gibran Khalil Gibran, these poets saw the region's identity as a single civilizational identity that combines the Phoenician and Babylonian past with the social present."
"T2assaset Harakat l-Mahroumin senet l-1974 3a id l-Imam Moussa l-Sadr, yalli huwwe 3alem din shi3i eja men Iran la Lebnen bi nehayet l-khamsiniyet.","The 'Movement of the Deprived' was founded in 1974 by Imam Moussa al-Sadr, who was a Shiite religious scholar who came from Iran to Lebanon at the end of the fifties."
"l-Sadr ma ken baddo y-assis hizb ta2ife taqlidi, bal ken baddo l-difa3 3an kel l-mahroumin bi Lebnen, khassatan abna2 l-ta2ife l-shi3iye yalli 3ano men l-tahmish w l-fa2er.","Al-Sadr did not want to establish a traditional sectarian party, but rather wanted to defend all the deprived in Lebanon, especially the members of the Shiite sect who suffered from marginalization and poverty."
"Bi senet l-1975, weldet Amal ka jinah 3askari la hemayet l-janoub men l-i3tida2at l-isra2iliye.","In 1975, 'Amal' was born as a military wing to protect the south from Israeli aggressions."
"Ma3 enno l-iqtisad nebe bi l-3asro l-dahabi, bas l-dawle l-lebneniye ba3ed l-istiqlel ahmalet manatiq l-rif w l-janoub.","Although the economy flourished in the golden age, the Lebanese state after independence neglected the rural and southern areas."
"Eja Moussa l-Sadr la yimle hal faragh, fa nazzam masirat sha3biye dakhme w alqa khitabat bi l-kanayis w l-masajed, yutalebi bi l-3adale l-ijtima3iye w t-2min l-bniye l-tahtiye lal qura l-mansiye.","Moussa al-Sadr came to fill this void, so he organized huge popular marches and gave speeches in churches and mosques, demanding social justice and securing infrastructure for the forgotten villages."
"Bi mahatta ghamda w mehwariye, ikhtafa l-Imam Moussa l-Sadr khilel ziyara rasmiye la Libya senet l-1978.","In a mysterious and pivotal moment, Imam Moussa al-Sadr disappeared during an official visit to Libya in 1978."
"Hayda l-ikhtifa2 7awwalo la ramze rouhi w watani 3aber lal tawayef, w 3ata la Harakat Amal daf3a 3atifiye w siyasiye kbire la t-kammil masirto.","This disappearance turned him into a spiritual and national symbol that transcends sects, and gave the Amal Movement a great emotional and political boost to continue its journey."
"Harakat Amal bi l-harb l-ahliye, w khadet ma3arek 3anife.",The Amal Movement was in the civil war and fought violent battles.
"Ma3 enno l-shi3ar ken lal mahroumin, bas l-harake wa2a3et bi sira3at damawiye.","Although the slogan was for the deprived, the movement fell into bloody conflicts."
Harb l-Mukhayyamat: milishiya Amal hasaret l-mukhayyamat l-falastiniye la yemna3 3awdet l-nufouz l-3askari la Munazzamat l-Tahrir.,The War of the Camps: the Amal militia besieged the Palestinian camps to prevent the return of the military influence of the PLO.
Hal fetra shehdet hisar khaniq w so2out alaf l-dahaya men l-mdeniyye.,This period witnessed a suffocating siege and the fall of thousands of civilian victims.
Iqlim l-Teffah: Sira3 tani ben Amal w Hizbullah la l-saytara 3al manatiq l-shi3iye.,Iqlim al-Tuffah: another conflict between Amal and Hezbollah for control over the Shiite areas.
Hayda l-shi adda la iqtitel akhawi damawi abel ma y-sir fi ittifaq ben l-tnein.,This led to bloody fratricidal fighting before an agreement was reached between the two.
Bfakker kill hizb ken ma2sat nes.,I think every party was the tragedy of people.
l-Imam Moussa l-Sadr byeshbe Hassan Nasralla le2an t-nein imam.,Imam Moussa al-Sadr resembles Hassan Nasrallah because both are imams.
Ma-fi hizb enno 3ilmani.,There is no party that is secular.
Nasha2 Hizbullah bi senet l-1982 ba3ed l-ijtiyah l-isra2ili la Lebnen.,Hezbollah emerged in 1982 after the Israeli invasion of Lebanon.
"l-hizb ma t-assas ka hizb siyasi taqlidi bi l-bidaye, bal ken majmu3a men l-muqatilin w l-rjel l-din yalli t-assaro bi l-Thawra l-Islamiye bi Iran.","The party was not founded as a traditional political party at the beginning, but was a group of fighters and clerics who were influenced by the Islamic Revolution in Iran."
l-hadaf l-asase ken muqawamet l-i7tilal w ikhraj l-quwwat l-ajnabiye men Lebnen.,The basic goal was to resist the occupation and remove the foreign forces from Lebanon.
"Byi3timid l-hizb 3a 3aqidet Wilayet l-Faqih, w byes3a la t-haqiq nizam islami, bas 3amaliyan rakkaz 3a.","The party relies on the doctrine of 'Wilayat al-Faqih' and seeks to establish an Islamic system, but practically it focused on."
